CodigoEstacion,NombreEstacion,Latitud,Longitud,Altitud,Categoria,Entidad,AreaOperativa,Departamento,Municipio,FechaInstalacion,FechaSuspension,IdParametro,Etiqueta,DescripcionSerie,Frecuencia,Fecha,Valor,Grado,Calificador,NivelAprobacion
25020530,LA ILUSION [25020530],8.0255,-75.089750,48,Pluviométrica,INSTITUTO DE HIDROLOGIA METEOROLOGIA Y ESTUDIOS AMBIENTALES,Area Operativa 01 - Antioquia-Chocó,Antioquia,Caucasia,15/05/1970 00:00,,PRECIPITACION,PTPM_TT_M,Precipitación total mensual,Mensual,2000-01-01 00:00,79,50,,900
25020530,LA ILUSION [25020530],8.0255,-75.089750,48,Pluviométrica,INSTITUTO DE HIDROLOGIA METEOROLOGIA Y ESTUDIOS AMBIENTALES,Area Operativa 01 - Antioquia-Chocó,Antioquia,Caucasia,15/05/1970 00:00,,PRECIPITACION,PTPM_TT_M,Precipitación total mensual,Mensual,2000-02-01 00:00,136,50,,900
25020530,LA ILUSION [25020530],8.0255,-75.089750,48,Pluviométrica,INSTITUTO DE HIDROLOGIA METEOROLOGIA Y ESTUDIOS AMBIENTALES,Area Operativa 01 - Antioquia-Chocó,Antioquia,Caucasia,15/05/1970 00:00,,PRECIPITACION,PTPM_TT_M,Precipitación total mensual,Mensual,2000-03-01 00:00,34,50,,900
25020530,LA ILUSION [25020530],8.0255,-75.089750,48,Pluviométrica,INSTITUTO DE HIDROLOGIA METEOROLOGIA Y ESTUDIOS AMBIENTALES,Area Operativa 01 - Antioquia-Chocó,Antioquia,Caucasia,15/05/1970 00:00,,PRECIPITACION,PTPM_TT_M,Precipitación total mensual,Mensual,2000-04-01 00:00,177,50,,900
25020530,LA ILUSION [25020530],8.0255,-75.089750,48,Pluviométrica,INSTITUTO DE HIDROLOGIA METEOROLOGIA Y ESTUDIOS AMBIENTALES,Area Operativa 01 - Antioquia-Chocó,Antioquia,Caucasia,15/05/1970 00:00,,PRECIPITACION,PTPM_TT_M,Precipitación total mensual,Mensual,2000-05-01 00:00,205,50,,900
25020530,LA ILUSION [25020530],8.0255,-75.089750,48,Pluviométrica,INSTITUTO DE HIDROLOGIA METEOROLOGIA Y ESTUDIOS AMBIENTALES,Area Operativa 01 - Antioquia-Chocó,Antioquia,Caucasia,15/05/1970 00:00,,PRECIPITACION,PTPM_TT_M,Precipitación total mensual,Mensual,2000-06-01 00:00,272,50,,900
25020530,LA ILUSION [25020530],8.0255,-75.089750,48,Pluviométrica,INSTITUTO DE HIDROLOGIA METEOROLOGIA Y ESTUDIOS AMBIENTALES,Area Operativa 01 - Antioquia-Chocó,Antioquia,Caucasia,15/05/1970 00:00,,PRECIPITACION,PTPM_TT_M,Precipitación total mensual,Mensual,2000-07-01 00:00,460,50,,900
25020530,LA ILUSION [25020530],8.0255,-75.089750,48,Pluviométrica,INSTITUTO DE HIDROLOGIA METEOROLOGIA Y ESTUDIOS AMBIENTALES,Area Operativa 01 - Antioquia-Chocó,Antioquia,Caucasia,15/05/1970 00:00,,PRECIPITACION,PTPM_TT_M,Precipitación total mensual,Mensual,2000-08-01 00:00,363,50,,900
25020530,LA ILUSION [25020530],8.0255,-75.089750,48,Pluviométrica,INSTITUTO DE HIDROLOGIA METEOROLOGIA Y ESTUDIOS AMBIENTALES,Area Operativa 01 - Antioquia-Chocó,Antioquia,Caucasia,15/05/1970 00:00,,PRECIPITACION,PTPM_TT_M,Precipitación total mensual,Mensual,2000-09-01 00:00,401,50,,900
25020530,LA ILUSION [25020530],8.0255,-75.089750,48,Pluviométrica,INSTITUTO DE HIDROLOGIA METEOROLOGIA Y ESTUDIOS AMBIENTALES,Area Operativa 01 - Antioquia-Chocó,Antioquia,Caucasia,15/05/1970 00:00,,PRECIPITACION,PTPM_TT_M,Precipitación total mensual,Mensual,2000-10-01 00:00,308,50,,900
25020530,LA ILUSION [25020530],8.0255,-75.089750,48,Pluviométrica,INSTITUTO DE HIDROLOGIA METEOROLOGIA Y ESTUDIOS AMBIENTALES,Area Operativa 01 - Antioquia-Chocó,Antioquia,Caucasia,15/05/1970 00:00,,PRECIPITACION,PTPM_TT_M,Precipitación total mensual,Mensual,2000-11-01 00:00,102,50,,900
25020530,LA ILUSION [25020530],8.0255,-75.089750,48,Pluviométrica,INSTITUTO DE HIDROLOGIA METEOROLOGIA Y ESTUDIOS AMBIENTALES,Area Operativa 01 - Antioquia-Chocó,Antioquia,Caucasia,15/05/1970 00:00,,PRECIPITACION,PTPM_TT_M,Precipitación total mensual,Mensual,2000-12-01 00:00,178,50,,900
25020530,LA ILUSION [25020530],8.0255,-75.089750,48,Pluviométrica,INSTITUTO DE HIDROLOGIA METEOROLOGIA Y ESTUDIOS AMBIENTALES,Area Operativa 01 - Antioquia-Chocó,Antioquia,Caucasia,15/05/1970 00:00,,PRECIPITACION,PTPM_TT_M,Precipitación total mensual,Mensual,2001-01-01 00:00,33,50,,900
25020530,LA ILUSION [25020530],8.0255,-75.089750,48,Pluviométrica,INSTITUTO DE HIDROLOGIA METEOROLOGIA Y ESTUDIOS AMBIENTALES,Area Operativa 01 - Antioquia-Chocó,Antioquia,Caucasia,15/05/1970 00:00,,PRECIPITACION,PTPM_TT_M,Precipitación total mensual,Mensual,2001-02-01 00:00,9,50,,900
25020530,LA ILUSION [25020530],8.0255,-75.089750,48,Pluviométrica,INSTITUTO DE HIDROLOGIA METEOROLOGIA Y ESTUDIOS AMBIENTALES,Area Operativa 01 - Antioquia-Chocó,Antioquia,Caucasia,15/05/1970 00:00,,PRECIPITACION,PTPM_TT_M,Precipitación total mensual,Mensual,2001-03-01 00:00,64,50,,900
25020530,LA ILUSION [25020530],8.0255,-75.089750,48,Pluviométrica,INSTITUTO DE HIDROLOGIA METEOROLOGIA Y ESTUDIOS AMBIENTALES,Area Operativa 01 - Antioquia-Chocó,Antioquia,Caucasia,15/05/1970 00:00,,PRECIPITACION,PTPM_TT_M,Precipitación total mensual,Mensual,2001-04-01 00:00,146,50,,900
25020530,LA ILUSION [25020530],8.0255,-75.089750,48,Pluviométrica,INSTITUTO DE HIDROLOGIA METEOROLOGIA Y ESTUDIOS AMBIENTALES,Area Operativa 01 - Antioquia-Chocó,Antioquia,Caucasia,15/05/1970 00:00,,PRECIPITACION,PTPM_TT_M,Precipitación total mensual,Mensual,2001-05-01 00:00,297,50,,900
25020530,LA ILUSION [25020530],8.0255,-75.089750,48,Pluviométrica,INSTITUTO DE HIDROLOGIA METEOROLOGIA Y ESTUDIOS AMBIENTALES,Area Operativa 01 - Antioquia-Chocó,Antioquia,Caucasia,15/05/1970 00:00,,PRECIPITACION,PTPM_TT_M,Precipitación total mensual,Mensual,2001-06-01 00:00,403,50,,900
25020530,LA ILUSION [25020530],8.0255,-75.089750,48,Pluviométrica,INSTITUTO DE HIDROLOGIA METEOROLOGIA Y ESTUDIOS AMBIENTALES,Area Operativa 01 - Antioquia-Chocó,Antioquia,Caucasia,15/05/1970 00:00,,PRECIPITACION,PTPM_TT_M,Precipitación total mensual,Mensual,2001-07-01 00:00,332,4,,900
25020530,LA ILUSION [25020530],8.0255,-75.089750,48,Pluviométrica,INSTITUTO DE HIDROLOGIA METEOROLOGIA Y ESTUDIOS AMBIENTALES,Area Operativa 01 - Antioquia-Chocó,Antioquia,Caucasia,15/05/1970 00:00,,PRECIPITACION,PTPM_TT_M,Precipitación total mensual,Mensual,2001-08-01 00:00,323,4,,900
25020530,LA ILUSION [25020530],8.0255,-75.089750,48,Pluviométrica,INSTITUTO DE HIDROLOGIA METEOROLOGIA Y ESTUDIOS AMBIENTALES,Area Operativa 01 - Antioquia-Chocó,Antioquia,Caucasia,15/05/1970 00:00,,PRECIPITACION,PTPM_TT_M,Precipitación total mensual,Mensual,2001-09-01 00:00,271,50,,900
25020530,LA ILUSION [25020530],8.0255,-75.089750,48,Pluviométrica,INSTITUTO DE HIDROLOGIA METEOROLOGIA Y ESTUDIOS AMBIENTALES,Area Operativa 01 - Antioquia-Chocó,Antioquia,Caucasia,15/05/1970 00:00,,PRECIPITACION,PTPM_TT_M,Precipitación total mensual,Mensual,2001-10-01 00:00,401,50,,900
25020530,LA ILUSION [25020530],8.0255,-75.089750,48,Pluviométrica,INSTITUTO DE HIDROLOGIA METEOROLOGIA Y ESTUDIOS AMBIENTALES,Area Operativa 01 - Antioquia-Chocó,Antioquia,Caucasia,15/05/1970 00:00,,PRECIPITACION,PTPM_TT_M,Precipitación total mensual,Mensual,2001-11-01 00:00,129,50,,900
25020530,LA ILUSION [25020530],8.0255,-75.089750,48,Pluviométrica,INSTITUTO DE HIDROLOGIA METEOROLOGIA Y ESTUDIOS AMBIENTALES,Area Operativa 01 - Antioquia-Chocó,Antioquia,Caucasia,15/05/1970 00:00,,PRECIPITACION,PTPM_TT_M,Precipitación total mensual,Mensual,2001-12-01 00:00,139,50,,900
25020530,LA ILUSION [25020530],8.0255,-75.089750,48,Pluviométrica,INSTITUTO DE HIDROLOGIA METEOROLOGIA Y ESTUDIOS AMBIENTALES,Area Operativa 01 - Antioquia-Chocó,Antioquia,Caucasia,15/05/1970 00:00,,PRECIPITACION,PTPM_TT_M,Precipitación total mensual,Mensual,2002-01-01 00:00,3,50,,900
25020530,LA ILUSION [25020530],8.0255,-75.089750,48,Pluviométrica,INSTITUTO DE HIDROLOGIA METEOROLOGIA Y ESTUDIOS AMBIENTALES,Area Operativa 01 - Antioquia-Chocó,Antioquia,Caucasia,15/05/1970 00:00,,PRECIPITACION,PTPM_TT_M,Precipitación total mensual,Mensual,2002-02-01 00:00,33,50,,900
25020530,LA ILUSION [25020530],8.0255,-75.089750,48,Pluviométrica,INSTITUTO DE HIDROLOGIA METEOROLOGIA Y ESTUDIOS AMBIENTALES,Area Operativa 01 - Antioquia-Chocó,Antioquia,Caucasia,15/05/1970 00:00,,PRECIPITACION,PTPM_TT_M,Precipitación total mensual,Mensual,2002-03-01 00:00,65,50,,900
25020530,LA ILUSION [25020530],8.0255,-75.089750,48,Pluviométrica,INSTITUTO DE HIDROLOGIA METEOROLOGIA Y ESTUDIOS AMBIENTALES,Area Operativa 01 - Antioquia-Chocó,Antioquia,Caucasia,15/05/1970 00:00,,PRECIPITACION,PTPM_TT_M,Precipitación total mensual,Mensual,2002-04-01 00:00,247,50,,900
25020530,LA ILUSION [25020530],8.0255,-75.089750,48,Pluviométrica,INSTITUTO DE HIDROLOGIA METEOROLOGIA Y ESTUDIOS AMBIENTALES,Area Operativa 01 - Antioquia-Chocó,Antioquia,Caucasia,15/05/1970 00:00,,PRECIPITACION,PTPM_TT_M,Precipitación total mensual,Mensual,2002-05-01 00:00,211,4,,900
25020530,LA ILUSION [25020530],8.0255,-75.089750,48,Pluviométrica,INSTITUTO DE HIDROLOGIA METEOROLOGIA Y ESTUDIOS AMBIENTALES,Area Operativa 01 - Antioquia-Chocó,Antioquia,Caucasia,15/05/1970 00:00,,PRECIPITACION,PTPM_TT_M,Precipitación total mensual,Mensual,2002-06-01 00:00,164,4,,900
25020530,LA ILUSION [25020530],8.0255,-75.089750,48,Pluviométrica,INSTITUTO DE HIDROLOGIA METEOROLOGIA Y ESTUDIOS AMBIENTALES,Area Operativa 01 - Antioquia-Chocó,Antioquia,Caucasia,15/05/1970 00:00,,PRECIPITACION,PTPM_TT_M,Precipitación total mensual,Mensual,2002-07-01 00:00,292,50,,900
25020530,LA ILUSION [25020530],8.0255,-75.089750,48,Pluviométrica,INSTITUTO DE HIDROLOGIA METEOROLOGIA Y ESTUDIOS AMBIENTALES,Area Operativa 01 - Antioquia-Chocó,Antioquia,Caucasia,15/05/1970 00:00,,PRECIPITACION,PTPM_TT_M,Precipitación total mensual,Mensual,2002-08-01 00:00,241,50,,900
25020530,LA ILUSION [25020530],8.0255,-75.089750,48,Pluviométrica,INSTITUTO DE HIDROLOGIA METEOROLOGIA Y ESTUDIOS AMBIENTALES,Area Operativa 01 - Antioquia-Chocó,Antioquia,Caucasia,15/05/1970 00:00,,PRECIPITACION,PTPM_TT_M,Precipitación total mensual,Mensual,2002-09-01 00:00,424,50,,900
25020530,LA ILUSION [25020530],8.0255,-75.089750,48,Pluviométrica,INSTITUTO DE HIDROLOGIA METEOROLOGIA Y ESTUDIOS AMBIENTALES,Area Operativa 01 - Antioquia-Chocó,Antioquia,Caucasia,15/05/1970 00:00,,PRECIPITACION,PTPM_TT_M,Precipitación total mensual,Mensual,2002-10-01 00:00,317,50,,900
25020530,LA ILUSION [25020530],8.0255,-75.089750,48,Pluviométrica,INSTITUTO DE HIDROLOGIA METEOROLOGIA Y ESTUDIOS AMBIENTALES,Area Operativa 01 - Antioquia-Chocó,Antioquia,Caucasia,15/05/1970 00:00,,PRECIPITACION,PTPM_TT_M,Precipitación total mensual,Mensual,2002-11-01 00:00,170,50,,900
25020530,LA ILUSION [25020530],8.0255,-75.089750,48,Pluviométrica,INSTITUTO DE HIDROLOGIA METEOROLOGIA Y ESTUDIOS AMBIENTALES,Area Operativa 01 - Antioquia-Chocó,Antioquia,Caucasia,15/05/1970 00:00,,PRECIPITACION,PTPM_TT_M,Precipitación total mensual,Mensual,2002-12-01 00:00,52,50,,900
25020530,LA ILUSION [25020530],8.0255,-75.089750,48,Pluviométrica,INSTITUTO DE HIDROLOGIA METEOROLOGIA Y ESTUDIOS AMBIENTALES,Area Operativa 01 - Antioquia-Chocó,Antioquia,Caucasia,15/05/1970 00:00,,PRECIPITACION,PTPM_TT_M,Precipitación total mensual,Mensual,2003-01-01 00:00,0,50,,900
25020530,LA ILUSION [25020530],8.0255,-75.089750,48,Pluviométrica,INSTITUTO DE HIDROLOGIA METEOROLOGIA Y ESTUDIOS AMBIENTALES,Area Operativa 01 - Antioquia-Chocó,Antioquia,Caucasia,15/05/1970 00:00,,PRECIPITACION,PTPM_TT_M,Precipitación total mensual,Mensual,2003-02-01 00:00,35,50,,900
25020530,LA ILUSION [25020530],8.0255,-75.089750,48,Pluviométrica,INSTITUTO DE HIDROLOGIA METEOROLOGIA Y ESTUDIOS AMBIENTALES,Area Operativa 01 - Antioquia-Chocó,Antioquia,Caucasia,15/05/1970 00:00,,PRECIPITACION,PTPM_TT_M,Precipitación total mensual,Mensual,2003-03-01 00:00,14,50,,900
25020530,LA ILUSION [25020530],8.0255,-75.089750,48,Pluviométrica,INSTITUTO DE HIDROLOGIA METEOROLOGIA Y ESTUDIOS AMBIENTALES,Area Operativa 01 - Antioquia-Chocó,Antioquia,Caucasia,15/05/1970 00:00,,PRECIPITACION,PTPM_TT_M,Precipitación total mensual,Mensual,2003-04-01 00:00,227,50,,900
25020530,LA ILUSION [25020530],8.0255,-75.089750,48,Pluviométrica,INSTITUTO DE HIDROLOGIA METEOROLOGIA Y ESTUDIOS AMBIENTALES,Area Operativa 01 - Antioquia-Chocó,Antioquia,Caucasia,15/05/1970 00:00,,PRECIPITACION,PTPM_TT_M,Precipitación total mensual,Mensual,2003-05-01 00:00,201,4,,900
25020530,LA ILUSION [25020530],8.0255,-75.089750,48,Pluviométrica,INSTITUTO DE HIDROLOGIA METEOROLOGIA Y ESTUDIOS AMBIENTALES,Area Operativa 01 - Antioquia-Chocó,Antioquia,Caucasia,15/05/1970 00:00,,PRECIPITACION,PTPM_TT_M,Precipitación total mensual,Mensual,2003-06-01 00:00,367,4,,900
25020530,LA ILUSION [25020530],8.0255,-75.089750,48,Pluviométrica,INSTITUTO DE HIDROLOGIA METEOROLOGIA Y ESTUDIOS AMBIENTALES,Area Operativa 01 - Antioquia-Chocó,Antioquia,Caucasia,15/05/1970 00:00,,PRECIPITACION,PTPM_TT_M,Precipitación total mensual,Mensual,2003-07-01 00:00,412,4,,900
25020530,LA ILUSION [25020530],8.0255,-75.089750,48,Pluviométrica,INSTITUTO DE HIDROLOGIA METEOROLOGIA Y ESTUDIOS AMBIENTALES,Area Operativa 01 - Antioquia-Chocó,Antioquia,Caucasia,15/05/1970 00:00,,PRECIPITACION,PTPM_TT_M,Precipitación total mensual,Mensual,2003-08-01 00:00,453,4,,900
25020530,LA ILUSION [25020530],8.0255,-75.089750,48,Pluviométrica,INSTITUTO DE HIDROLOGIA METEOROLOGIA Y ESTUDIOS AMBIENTALES,Area Operativa 01 - Antioquia-Chocó,Antioquia,Caucasia,15/05/1970 00:00,,PRECIPITACION,PTPM_TT_M,Precipitación total mensual,Mensual,2003-09-01 00:00,322,50,,900
25020530,LA ILUSION [25020530],8.0255,-75.089750,48,Pluviométrica,INSTITUTO DE HIDROLOGIA METEOROLOGIA Y ESTUDIOS AMBIENTALES,Area Operativa 01 - Antioquia-Chocó,Antioquia,Caucasia,15/05/1970 00:00,,PRECIPITACION,PTPM_TT_M,Precipitación total mensual,Mensual,2003-10-01 00:00,397,50,,900
25020530,LA ILUSION [25020530],8.0255,-75.089750,48,Pluviométrica,INSTITUTO DE HIDROLOGIA METEOROLOGIA Y ESTUDIOS AMBIENTALES,Area Operativa 01 - Antioquia-Chocó,Antioquia,Caucasia,15/05/1970 00:00,,PRECIPITACION,PTPM_TT_M,Precipitación total mensual,Mensual,2003-11-01 00:00,227,50,,900
25020530,LA ILUSION [25020530],8.0255,-75.089750,48,Pluviométrica,INSTITUTO DE HIDROLOGIA METEOROLOGIA Y ESTUDIOS AMBIENTALES,Area Operativa 01 - Antioquia-Chocó,Antioquia,Caucasia,15/05/1970 00:00,,PRECIPITACION,PTPM_TT_M,Precipitación total mensual,Mensual,2003-12-01 00:00,103,50,,900
25020530,LA ILUSION [25020530],8.0255,-75.089750,48,Pluviométrica,INSTITUTO DE HIDROLOGIA METEOROLOGIA Y ESTUDIOS AMBIENTALES,Area Operativa 01 - Antioquia-Chocó,Antioquia,Caucasia,15/05/1970 00:00,,PRECIPITACION,PTPM_TT_M,Precipitación total mensual,Mensual,2004-01-01 00:00,8,50,,900
25020530,LA ILUSION [25020530],8.0255,-75.089750,48,Pluviométrica,INSTITUTO DE HIDROLOGIA METEOROLOGIA Y ESTUDIOS AMBIENTALES,Area Operativa 01 - Antioquia-Chocó,Antioquia,Caucasia,15/05/1970 00:00,,PRECIPITACION,PTPM_TT_M,Precipitación total mensual,Mensual,2004-02-01 00:00,0,50,,900
25020530,LA ILUSION [25020530],8.0255,-75.089750,48,Pluviométrica,INSTITUTO DE HIDROLOGIA METEOROLOGIA Y ESTUDIOS AMBIENTALES,Area Operativa 01 - Antioquia-Chocó,Antioquia,Caucasia,15/05/1970 00:00,,PRECIPITACION,PTPM_TT_M,Precipitación total mensual,Mensual,2004-03-01 00:00,78,50,,900
25020530,LA ILUSION [25020530],8.0255,-75.089750,48,Pluviométrica,INSTITUTO DE HIDROLOGIA METEOROLOGIA Y ESTUDIOS AMBIENTALES,Area Operativa 01 - Antioquia-Chocó,Antioquia,Caucasia,15/05/1970 00:00,,PRECIPITACION,PTPM_TT_M,Precipitación total mensual,Mensual,2004-04-01 00:00,332,50,,900
25020530,LA ILUSION [25020530],8.0255,-75.089750,48,Pluviométrica,INSTITUTO DE HIDROLOGIA METEOROLOGIA Y ESTUDIOS AMBIENTALES,Area Operativa 01 - Antioquia-Chocó,Antioquia,Caucasia,15/05/1970 00:00,,PRECIPITACION,PTPM_TT_M,Precipitación total mensual,Mensual,2004-05-01 00:00,377,50,,900
25020530,LA ILUSION [25020530],8.0255,-75.089750,48,Pluviométrica,INSTITUTO DE HIDROLOGIA METEOROLOGIA Y ESTUDIOS AMBIENTALES,Area Operativa 01 - Antioquia-Chocó,Antioquia,Caucasia,15/05/1970 00:00,,PRECIPITACION,PTPM_TT_M,Precipitación total mensual,Mensual,2004-06-01 00:00,259,50,,900
25020530,LA ILUSION [25020530],8.0255,-75.089750,48,Pluviométrica,INSTITUTO DE HIDROLOGIA METEOROLOGIA Y ESTUDIOS AMBIENTALES,Area Operativa 01 - Antioquia-Chocó,Antioquia,Caucasia,15/05/1970 00:00,,PRECIPITACION,PTPM_TT_M,Precipitación total mensual,Mensual,2004-07-01 00:00,194,50,,900
25020530,LA ILUSION [25020530],8.0255,-75.089750,48,Pluviométrica,INSTITUTO DE HIDROLOGIA METEOROLOGIA Y ESTUDIOS AMBIENTALES,Area Operativa 01 - Antioquia-Chocó,Antioquia,Caucasia,15/05/1970 00:00,,PRECIPITACION,PTPM_TT_M,Precipitación total mensual,Mensual,2004-08-01 00:00,525,50,,900
25020530,LA ILUSION [25020530],8.0255,-75.089750,48,Pluviométrica,INSTITUTO DE HIDROLOGIA METEOROLOGIA Y ESTUDIOS AMBIENTALES,Area Operativa 01 - Antioquia-Chocó,Antioquia,Caucasia,15/05/1970 00:00,,PRECIPITACION,PTPM_TT_M,Precipitación total mensual,Mensual,2004-09-01 00:00,492,50,,900
25020530,LA ILUSION [25020530],8.0255,-75.089750,48,Pluviométrica,INSTITUTO DE HIDROLOGIA METEOROLOGIA Y ESTUDIOS AMBIENTALES,Area Operativa 01 - Antioquia-Chocó,Antioquia,Caucasia,15/05/1970 00:00,,PRECIPITACION,PTPM_TT_M,Precipitación total mensual,Mensual,2004-10-01 00:00,271,50,,900
25020530,LA ILUSION [25020530],8.0255,-75.089750,48,Pluviométrica,INSTITUTO DE HIDROLOGIA METEOROLOGIA Y ESTUDIOS AMBIENTALES,Area Operativa 01 - Antioquia-Chocó,Antioquia,Caucasia,15/05/1970 00:00,,PRECIPITACION,PTPM_TT_M,Precipitación total mensual,Mensual,2004-11-01 00:00,228,50,,900
25020530,LA ILUSION [25020530],8.0255,-75.089750,48,Pluviométrica,INSTITUTO DE HIDROLOGIA METEOROLOGIA Y ESTUDIOS AMBIENTALES,Area Operativa 01 - Antioquia-Chocó,Antioquia,Caucasia,15/05/1970 00:00,,PRECIPITACION,PTPM_TT_M,Precipitación total mensual,Mensual,2004-12-01 00:00,81,50,,900
25020530,LA ILUSION [25020530],8.0255,-75.089750,48,Pluviométrica,INSTITUTO DE HIDROLOGIA METEOROLOGIA Y ESTUDIOS AMBIENTALES,Area Operativa 01 - Antioquia-Chocó,Antioquia,Caucasia,15/05/1970 00:00,,PRECIPITACION,PTPM_TT_M,Precipitación total mensual,Mensual,2005-01-01 00:00,14,50,,900
25020530,LA ILUSION [25020530],8.0255,-75.089750,48,Pluviométrica,INSTITUTO DE HIDROLOGIA METEOROLOGIA Y ESTUDIOS AMBIENTALES,Area Operativa 01 - Antioquia-Chocó,Antioquia,Caucasia,15/05/1970 00:00,,PRECIPITACION,PTPM_TT_M,Precipitación total mensual,Mensual,2005-02-01 00:00,7,50,,900
25020530,LA ILUSION [25020530],8.0255,-75.089750,48,Pluviométrica,INSTITUTO DE HIDROLOGIA METEOROLOGIA Y ESTUDIOS AMBIENTALES,Area Operativa 01 - Antioquia-Chocó,Antioquia,Caucasia,15/05/1970 00:00,,PRECIPITACION,PTPM_TT_M,Precipitación total mensual,Mensual,2005-03-01 00:00,29,50,,900
25020530,LA ILUSION [25020530],8.0255,-75.089750,48,Pluviométrica,INSTITUTO DE HIDROLOGIA METEOROLOGIA Y ESTUDIOS AMBIENTALES,Area Operativa 01 - Antioquia-Chocó,Antioquia,Caucasia,15/05/1970 00:00,,PRECIPITACION,PTPM_TT_M,Precipitación total mensual,Mensual,2005-04-01 00:00,261,50,,900
25020530,LA ILUSION [25020530],8.0255,-75.089750,48,Pluviométrica,INSTITUTO DE HIDROLOGIA METEOROLOGIA Y ESTUDIOS AMBIENTALES,Area Operativa 01 - Antioquia-Chocó,Antioquia,Caucasia,15/05/1970 00:00,,PRECIPITACION,PTPM_TT_M,Precipitación total mensual,Mensual,2005-05-01 00:00,500,50,,900
25020530,LA ILUSION [25020530],8.0255,-75.089750,48,Pluviométrica,INSTITUTO DE HIDROLOGIA METEOROLOGIA Y ESTUDIOS AMBIENTALES,Area Operativa 01 - Antioquia-Chocó,Antioquia,Caucasia,15/05/1970 00:00,,PRECIPITACION,PTPM_TT_M,Precipitación total mensual,Mensual,2005-06-01 00:00,431,50,,900
25020530,LA ILUSION [25020530],8.0255,-75.089750,48,Pluviométrica,INSTITUTO DE HIDROLOGIA METEOROLOGIA Y ESTUDIOS AMBIENTALES,Area Operativa 01 - Antioquia-Chocó,Antioquia,Caucasia,15/05/1970 00:00,,PRECIPITACION,PTPM_TT_M,Precipitación total mensual,Mensual,2005-07-01 00:00,444,50,,900
25020530,LA ILUSION [25020530],8.0255,-75.089750,48,Pluviométrica,INSTITUTO DE HIDROLOGIA METEOROLOGIA Y ESTUDIOS AMBIENTALES,Area Operativa 01 - Antioquia-Chocó,Antioquia,Caucasia,15/05/1970 00:00,,PRECIPITACION,PTPM_TT_M,Precipitación total mensual,Mensual,2005-08-01 00:00,427,50,,900
25020530,LA ILUSION [25020530],8.0255,-75.089750,48,Pluviométrica,INSTITUTO DE HIDROLOGIA METEOROLOGIA Y ESTUDIOS AMBIENTALES,Area Operativa 01 - Antioquia-Chocó,Antioquia,Caucasia,15/05/1970 00:00,,PRECIPITACION,PTPM_TT_M,Precipitación total mensual,Mensual,2005-09-01 00:00,282,50,,900
25020530,LA ILUSION [25020530],8.0255,-75.089750,48,Pluviométrica,INSTITUTO DE HIDROLOGIA METEOROLOGIA Y ESTUDIOS AMBIENTALES,Area Operativa 01 - Antioquia-Chocó,Antioquia,Caucasia,15/05/1970 00:00,,PRECIPITACION,PTPM_TT_M,Precipitación total mensual,Mensual,2005-10-01 00:00,387,50,,900
25020530,LA ILUSION [25020530],8.0255,-75.089750,48,Pluviométrica,INSTITUTO DE HIDROLOGIA METEOROLOGIA Y ESTUDIOS AMBIENTALES,Area Operativa 01 - Antioquia-Chocó,Antioquia,Caucasia,15/05/1970 00:00,,PRECIPITACION,PTPM_TT_M,Precipitación total mensual,Mensual,2005-11-01 00:00,421,50,,900
25020530,LA ILUSION [25020530],8.0255,-75.089750,48,Pluviométrica,INSTITUTO DE HIDROLOGIA METEOROLOGIA Y ESTUDIOS AMBIENTALES,Area Operativa 01 - Antioquia-Chocó,Antioquia,Caucasia,15/05/1970 00:00,,PRECIPITACION,PTPM_TT_M,Precipitación total mensual,Mensual,2005-12-01 00:00,25.2,50,,900
25020530,LA ILUSION [25020530],8.0255,-75.089750,48,Pluviométrica,INSTITUTO DE HIDROLOGIA METEOROLOGIA Y ESTUDIOS AMBIENTALES,Area Operativa 01 - Antioquia-Chocó,Antioquia,Caucasia,15/05/1970 00:00,,PRECIPITACION,PTPM_TT_M,Precipitación total mensual,Mensual,2006-01-01 00:00,50,50,,900
25020530,LA ILUSION [25020530],8.0255,-75.089750,48,Pluviométrica,INSTITUTO DE HIDROLOGIA METEOROLOGIA Y ESTUDIOS AMBIENTALES,Area Operativa 01 - Antioquia-Chocó,Antioquia,Caucasia,15/05/1970 00:00,,PRECIPITACION,PTPM_TT_M,Precipitación total mensual,Mensual,2006-02-01 00:00,2,50,,900
25020530,LA ILUSION [25020530],8.0255,-75.089750,48,Pluviométrica,INSTITUTO DE HIDROLOGIA METEOROLOGIA Y ESTUDIOS AMBIENTALES,Area Operativa 01 - Antioquia-Chocó,Antioquia,Caucasia,15/05/1970 00:00,,PRECIPITACION,PTPM_TT_M,Precipitación total mensual,Mensual,2006-03-01 00:00,123,50,,900
25020530,LA ILUSION [25020530],8.0255,-75.089750,48,Pluviométrica,INSTITUTO DE HIDROLOGIA METEOROLOGIA Y ESTUDIOS AMBIENTALES,Area Operativa 01 - Antioquia-Chocó,Antioquia,Caucasia,15/05/1970 00:00,,PRECIPITACION,PTPM_TT_M,Precipitación total mensual,Mensual,2006-04-01 00:00,224,50,,900
25020530,LA ILUSION [25020530],8.0255,-75.089750,48,Pluviométrica,INSTITUTO DE HIDROLOGIA METEOROLOGIA Y ESTUDIOS AMBIENTALES,Area Operativa 01 - Antioquia-Chocó,Antioquia,Caucasia,15/05/1970 00:00,,PRECIPITACION,PTPM_TT_M,Precipitación total mensual,Mensual,2006-05-01 00:00,457,50,,900
25020530,LA ILUSION [25020530],8.0255,-75.089750,48,Pluviométrica,INSTITUTO DE HIDROLOGIA METEOROLOGIA Y ESTUDIOS AMBIENTALES,Area Operativa 01 - Antioquia-Chocó,Antioquia,Caucasia,15/05/1970 00:00,,PRECIPITACION,PTPM_TT_M,Precipitación total mensual,Mensual,2006-06-01 00:00,180,50,,900
25020530,LA ILUSION [25020530],8.0255,-75.089750,48,Pluviométrica,INSTITUTO DE HIDROLOGIA METEOROLOGIA Y ESTUDIOS AMBIENTALES,Area Operativa 01 - Antioquia-Chocó,Antioquia,Caucasia,15/05/1970 00:00,,PRECIPITACION,PTPM_TT_M,Precipitación total mensual,Mensual,2006-07-01 00:00,297,50,,900
25020530,LA ILUSION [25020530],8.0255,-75.089750,48,Pluviométrica,INSTITUTO DE HIDROLOGIA METEOROLOGIA Y ESTUDIOS AMBIENTALES,Area Operativa 01 - Antioquia-Chocó,Antioquia,Caucasia,15/05/1970 00:00,,PRECIPITACION,PTPM_TT_M,Precipitación total mensual,Mensual,2006-08-01 00:00,309,50,,900
25020530,LA ILUSION [25020530],8.0255,-75.089750,48,Pluviométrica,INSTITUTO DE HIDROLOGIA METEOROLOGIA Y ESTUDIOS AMBIENTALES,Area Operativa 01 - Antioquia-Chocó,Antioquia,Caucasia,15/05/1970 00:00,,PRECIPITACION,PTPM_TT_M,Precipitación total mensual,Mensual,2006-09-01 00:00,408,50,,900
25020530,LA ILUSION [25020530],8.0255,-75.089750,48,Pluviométrica,INSTITUTO DE HIDROLOGIA METEOROLOGIA Y ESTUDIOS AMBIENTALES,Area Operativa 01 - Antioquia-Chocó,Antioquia,Caucasia,15/05/1970 00:00,,PRECIPITACION,PTPM_TT_M,Precipitación total mensual,Mensual,2006-10-01 00:00,339,50,,900
25020530,LA ILUSION [25020530],8.0255,-75.089750,48,Pluviométrica,INSTITUTO DE HIDROLOGIA METEOROLOGIA Y ESTUDIOS AMBIENTALES,Area Operativa 01 - Antioquia-Chocó,Antioquia,Caucasia,15/05/1970 00:00,,PRECIPITACION,PTPM_TT_M,Precipitación total mensual,Mensual,2006-11-01 00:00,221,50,,900
25020530,LA ILUSION [25020530],8.0255,-75.089750,48,Pluviométrica,INSTITUTO DE HIDROLOGIA METEOROLOGIA Y ESTUDIOS AMBIENTALES,Area Operativa 01 - Antioquia-Chocó,Antioquia,Caucasia,15/05/1970 00:00,,PRECIPITACION,PTPM_TT_M,Precipitación total mensual,Mensual,2006-12-01 00:00,202,50,,900
25020530,LA ILUSION [25020530],8.0255,-75.089750,48,Pluviométrica,INSTITUTO DE HIDROLOGIA METEOROLOGIA Y ESTUDIOS AMBIENTALES,Area Operativa 01 - Antioquia-Chocó,Antioquia,Caucasia,15/05/1970 00:00,,PRECIPITACION,PTPM_TT_M,Precipitación total mensual,Mensual,2007-01-01 00:00,5,50,,900
25020530,LA ILUSION [25020530],8.0255,-75.089750,48,Pluviométrica,INSTITUTO DE HIDROLOGIA METEOROLOGIA Y ESTUDIOS AMBIENTALES,Area Operativa 01 - Antioquia-Chocó,Antioquia,Caucasia,15/05/1970 00:00,,PRECIPITACION,PTPM_TT_M,Precipitación total mensual,Mensual,2007-02-01 00:00,22,50,,900
25020530,LA ILUSION [25020530],8.0255,-75.089750,48,Pluviométrica,INSTITUTO DE HIDROLOGIA METEOROLOGIA Y ESTUDIOS AMBIENTALES,Area Operativa 01 - Antioquia-Chocó,Antioquia,Caucasia,15/05/1970 00:00,,PRECIPITACION,PTPM_TT_M,Precipitación total mensual,Mensual,2007-03-01 00:00,119,50,,900
25020530,LA ILUSION [25020530],8.0255,-75.089750,48,Pluviométrica,INSTITUTO DE HIDROLOGIA METEOROLOGIA Y ESTUDIOS AMBIENTALES,Area Operativa 01 - Antioquia-Chocó,Antioquia,Caucasia,15/05/1970 00:00,,PRECIPITACION,PTPM_TT_M,Precipitación total mensual,Mensual,2007-04-01 00:00,344,4,,900
25020530,LA ILUSION [25020530],8.0255,-75.089750,48,Pluviométrica,INSTITUTO DE HIDROLOGIA METEOROLOGIA Y ESTUDIOS AMBIENTALES,Area Operativa 01 - Antioquia-Chocó,Antioquia,Caucasia,15/05/1970 00:00,,PRECIPITACION,PTPM_TT_M,Precipitación total mensual,Mensual,2007-05-01 00:00,235,50,,900
25020530,LA ILUSION [25020530],8.0255,-75.089750,48,Pluviométrica,INSTITUTO DE HIDROLOGIA METEOROLOGIA Y ESTUDIOS AMBIENTALES,Area Operativa 01 - Antioquia-Chocó,Antioquia,Caucasia,15/05/1970 00:00,,PRECIPITACION,PTPM_TT_M,Precipitación total mensual,Mensual,2007-06-01 00:00,310,50,,900
25020530,LA ILUSION [25020530],8.0255,-75.089750,48,Pluviométrica,INSTITUTO DE HIDROLOGIA METEOROLOGIA Y ESTUDIOS AMBIENTALES,Area Operativa 01 - Antioquia-Chocó,Antioquia,Caucasia,15/05/1970 00:00,,PRECIPITACION,PTPM_TT_M,Precipitación total mensual,Mensual,2007-07-01 00:00,272,50,,900
25020530,LA ILUSION [25020530],8.0255,-75.089750,48,Pluviométrica,INSTITUTO DE HIDROLOGIA METEOROLOGIA Y ESTUDIOS AMBIENTALES,Area Operativa 01 - Antioquia-Chocó,Antioquia,Caucasia,15/05/1970 00:00,,PRECIPITACION,PTPM_TT_M,Precipitación total mensual,Mensual,2007-08-01 00:00,482,50,,900
25020530,LA ILUSION [25020530],8.0255,-75.089750,48,Pluviométrica,INSTITUTO DE HIDROLOGIA METEOROLOGIA Y ESTUDIOS AMBIENTALES,Area Operativa 01 - Antioquia-Chocó,Antioquia,Caucasia,15/05/1970 00:00,,PRECIPITACION,PTPM_TT_M,Precipitación total mensual,Mensual,2007-09-01 00:00,271,50,,900
25020530,LA ILUSION [25020530],8.0255,-75.089750,48,Pluviométrica,INSTITUTO DE HIDROLOGIA METEOROLOGIA Y ESTUDIOS AMBIENTALES,Area Operativa 01 - Antioquia-Chocó,Antioquia,Caucasia,15/05/1970 00:00,,PRECIPITACION,PTPM_TT_M,Precipitación total mensual,Mensual,2007-10-01 00:00,408,50,,900
25020530,LA ILUSION [25020530],8.0255,-75.089750,48,Pluviométrica,INSTITUTO DE HIDROLOGIA METEOROLOGIA Y ESTUDIOS AMBIENTALES,Area Operativa 01 - Antioquia-Chocó,Antioquia,Caucasia,15/05/1970 00:00,,PRECIPITACION,PTPM_TT_M,Precipitación total mensual,Mensual,2007-11-01 00:00,256,50,,900
25020530,LA ILUSION [25020530],8.0255,-75.089750,48,Pluviométrica,INSTITUTO DE HIDROLOGIA METEOROLOGIA Y ESTUDIOS AMBIENTALES,Area Operativa 01 - Antioquia-Chocó,Antioquia,Caucasia,15/05/1970 00:00,,PRECIPITACION,PTPM_TT_M,Precipitación total mensual,Mensual,2007-12-01 00:00,100,50,,900
25020530,LA ILUSION [25020530],8.0255,-75.089750,48,Pluviométrica,INSTITUTO DE HIDROLOGIA METEOROLOGIA Y ESTUDIOS AMBIENTALES,Area Operativa 01 - Antioquia-Chocó,Antioquia,Caucasia,15/05/1970 00:00,,PRECIPITACION,PTPM_TT_M,Precipitación total mensual,Mensual,2008-01-01 00:00,18,50,,900
25020530,LA ILUSION [25020530],8.0255,-75.089750,48,Pluviométrica,INSTITUTO DE HIDROLOGIA METEOROLOGIA Y ESTUDIOS AMBIENTALES,Area Operativa 01 - Antioquia-Chocó,Antioquia,Caucasia,15/05/1970 00:00,,PRECIPITACION,PTPM_TT_M,Precipitación total mensual,Mensual,2008-02-01 00:00,107,50,,900
25020530,LA ILUSION [25020530],8.0255,-75.089750,48,Pluviométrica,INSTITUTO DE HIDROLOGIA METEOROLOGIA Y ESTUDIOS AMBIENTALES,Area Operativa 01 - Antioquia-Chocó,Antioquia,Caucasia,15/05/1970 00:00,,PRECIPITACION,PTPM_TT_M,Precipitación total mensual,Mensual,2008-03-01 00:00,123,50,,900
25020530,LA ILUSION [25020530],8.0255,-75.089750,48,Pluviométrica,INSTITUTO DE HIDROLOGIA METEOROLOGIA Y ESTUDIOS AMBIENTALES,Area Operativa 01 - Antioquia-Chocó,Antioquia,Caucasia,15/05/1970 00:00,,PRECIPITACION,PTPM_TT_M,Precipitación total mensual,Mensual,2008-04-01 00:00,162,50,,900
25020530,LA ILUSION [25020530],8.0255,-75.089750,48,Pluviométrica,INSTITUTO DE HIDROLOGIA METEOROLOGIA Y ESTUDIOS AMBIENTALES,Area Operativa 01 - Antioquia-Chocó,Antioquia,Caucasia,15/05/1970 00:00,,PRECIPITACION,PTPM_TT_M,Precipitación total mensual,Mensual,2008-05-01 00:00,178,50,,900
25020530,LA ILUSION [25020530],8.0255,-75.089750,48,Pluviométrica,INSTITUTO DE HIDROLOGIA METEOROLOGIA Y ESTUDIOS AMBIENTALES,Area Operativa 01 - Antioquia-Chocó,Antioquia,Caucasia,15/05/1970 00:00,,PRECIPITACION,PTPM_TT_M,Precipitación total mensual,Mensual,2008-06-01 00:00,328,50,,900
25020530,LA ILUSION [25020530],8.0255,-75.089750,48,Pluviométrica,INSTITUTO DE HIDROLOGIA METEOROLOGIA Y ESTUDIOS AMBIENTALES,Area Operativa 01 - Antioquia-Chocó,Antioquia,Caucasia,15/05/1970 00:00,,PRECIPITACION,PTPM_TT_M,Precipitación total mensual,Mensual,2008-07-01 00:00,449,50,,900
25020530,LA ILUSION [25020530],8.0255,-75.089750,48,Pluviométrica,INSTITUTO DE HIDROLOGIA METEOROLOGIA Y ESTUDIOS AMBIENTALES,Area Operativa 01 - Antioquia-Chocó,Antioquia,Caucasia,15/05/1970 00:00,,PRECIPITACION,PTPM_TT_M,Precipitación total mensual,Mensual,2008-08-01 00:00,271,50,,900
25020530,LA ILUSION [25020530],8.0255,-75.089750,48,Pluviométrica,INSTITUTO DE HIDROLOGIA METEOROLOGIA Y ESTUDIOS AMBIENTALES,Area Operativa 01 - Antioquia-Chocó,Antioquia,Caucasia,15/05/1970 00:00,,PRECIPITACION,PTPM_TT_M,Precipitación total mensual,Mensual,2008-09-01 00:00,592,50,,900
25020530,LA ILUSION [25020530],8.0255,-75.089750,48,Pluviométrica,INSTITUTO DE HIDROLOGIA METEOROLOGIA Y ESTUDIOS AMBIENTALES,Area Operativa 01 - Antioquia-Chocó,Antioquia,Caucasia,15/05/1970 00:00,,PRECIPITACION,PTPM_TT_M,Precipitación total mensual,Mensual,2008-10-01 00:00,421,50,,900
25020530,LA ILUSION [25020530],8.0255,-75.089750,48,Pluviométrica,INSTITUTO DE HIDROLOGIA METEOROLOGIA Y ESTUDIOS AMBIENTALES,Area Operativa 01 - Antioquia-Chocó,Antioquia,Caucasia,15/05/1970 00:00,,PRECIPITACION,PTPM_TT_M,Precipitación total mensual,Mensual,2008-11-01 00:00,152,50,,900
25020530,LA ILUSION [25020530],8.0255,-75.089750,48,Pluviométrica,INSTITUTO DE HIDROLOGIA METEOROLOGIA Y ESTUDIOS AMBIENTALES,Area Operativa 01 - Antioquia-Chocó,Antioquia,Caucasia,15/05/1970 00:00,,PRECIPITACION,PTPM_TT_M,Precipitación total mensual,Mensual,2008-12-01 00:00,1,50,,900
25020530,LA ILUSION [25020530],8.0255,-75.089750,48,Pluviométrica,INSTITUTO DE HIDROLOGIA METEOROLOGIA Y ESTUDIOS AMBIENTALES,Area Operativa 01 - Antioquia-Chocó,Antioquia,Caucasia,15/05/1970 00:00,,PRECIPITACION,PTPM_TT_M,Precipitación total mensual,Mensual,2009-01-01 00:00,13,50,,900
25020530,LA ILUSION [25020530],8.0255,-75.089750,48,Pluviométrica,INSTITUTO DE HIDROLOGIA METEOROLOGIA Y ESTUDIOS AMBIENTALES,Area Operativa 01 - Antioquia-Chocó,Antioquia,Caucasia,15/05/1970 00:00,,PRECIPITACION,PTPM_TT_M,Precipitación total mensual,Mensual,2009-02-01 00:00,22,50,,900
25020530,LA ILUSION [25020530],8.0255,-75.089750,48,Pluviométrica,INSTITUTO DE HIDROLOGIA METEOROLOGIA Y ESTUDIOS AMBIENTALES,Area Operativa 01 - Antioquia-Chocó,Antioquia,Caucasia,15/05/1970 00:00,,PRECIPITACION,PTPM_TT_M,Precipitación total mensual,Mensual,2009-03-01 00:00,75,50,,900
25020530,LA ILUSION [25020530],8.0255,-75.089750,48,Pluviométrica,INSTITUTO DE HIDROLOGIA METEOROLOGIA Y ESTUDIOS AMBIENTALES,Area Operativa 01 - Antioquia-Chocó,Antioquia,Caucasia,15/05/1970 00:00,,PRECIPITACION,PTPM_TT_M,Precipitación total mensual,Mensual,2009-04-01 00:00,172,50,,900
25020530,LA ILUSION [25020530],8.0255,-75.089750,48,Pluviométrica,INSTITUTO DE HIDROLOGIA METEOROLOGIA Y ESTUDIOS AMBIENTALES,Area Operativa 01 - Antioquia-Chocó,Antioquia,Caucasia,15/05/1970 00:00,,PRECIPITACION,PTPM_TT_M,Precipitación total mensual,Mensual,2009-05-01 00:00,116,50,,900
25020530,LA ILUSION [25020530],8.0255,-75.089750,48,Pluviométrica,INSTITUTO DE HIDROLOGIA METEOROLOGIA Y ESTUDIOS AMBIENTALES,Area Operativa 01 - Antioquia-Chocó,Antioquia,Caucasia,15/05/1970 00:00,,PRECIPITACION,PTPM_TT_M,Precipitación total mensual,Mensual,2009-06-01 00:00,292,50,,900
25020530,LA ILUSION [25020530],8.0255,-75.089750,48,Pluviométrica,INSTITUTO DE HIDROLOGIA METEOROLOGIA Y ESTUDIOS AMBIENTALES,Area Operativa 01 - Antioquia-Chocó,Antioquia,Caucasia,15/05/1970 00:00,,PRECIPITACION,PTPM_TT_M,Precipitación total mensual,Mensual,2009-07-01 00:00,213,50,,900
25020530,LA ILUSION [25020530],8.0255,-75.089750,48,Pluviométrica,INSTITUTO DE HIDROLOGIA METEOROLOGIA Y ESTUDIOS AMBIENTALES,Area Operativa 01 - Antioquia-Chocó,Antioquia,Caucasia,15/05/1970 00:00,,PRECIPITACION,PTPM_TT_M,Precipitación total mensual,Mensual,2009-08-01 00:00,400,50,,900
25020530,LA ILUSION [25020530],8.0255,-75.089750,48,Pluviométrica,INSTITUTO DE HIDROLOGIA METEOROLOGIA Y ESTUDIOS AMBIENTALES,Area Operativa 01 - Antioquia-Chocó,Antioquia,Caucasia,15/05/1970 00:00,,PRECIPITACION,PTPM_TT_M,Precipitación total mensual,Mensual,2009-09-01 00:00,192,50,,900
25020530,LA ILUSION [25020530],8.0255,-75.089750,48,Pluviométrica,INSTITUTO DE HIDROLOGIA METEOROLOGIA Y ESTUDIOS AMBIENTALES,Area Operativa 01 - Antioquia-Chocó,Antioquia,Caucasia,15/05/1970 00:00,,PRECIPITACION,PTPM_TT_M,Precipitación total mensual,Mensual,2009-10-01 00:00,265,50,,900
25020530,LA ILUSION [25020530],8.0255,-75.089750,48,Pluviométrica,INSTITUTO DE HIDROLOGIA METEOROLOGIA Y ESTUDIOS AMBIENTALES,Area Operativa 01 - Antioquia-Chocó,Antioquia,Caucasia,15/05/1970 00:00,,PRECIPITACION,PTPM_TT_M,Precipitación total mensual,Mensual,2009-11-01 00:00,140,50,,900
25020530,LA ILUSION [25020530],8.0255,-75.089750,48,Pluviométrica,INSTITUTO DE HIDROLOGIA METEOROLOGIA Y ESTUDIOS AMBIENTALES,Area Operativa 01 - Antioquia-Chocó,Antioquia,Caucasia,15/05/1970 00:00,,PRECIPITACION,PTPM_TT_M,Precipitación total mensual,Mensual,2009-12-01 00:00,34,50,,900
25020530,LA ILUSION [25020530],8.0255,-75.089750,48,Pluviométrica,INSTITUTO DE HIDROLOGIA METEOROLOGIA Y ESTUDIOS AMBIENTALES,Area Operativa 01 - Antioquia-Chocó,Antioquia,Caucasia,15/05/1970 00:00,,PRECIPITACION,PTPM_TT_M,Precipitación total mensual,Mensual,2010-01-01 00:00,0,50,,900
25020530,LA ILUSION [25020530],8.0255,-75.089750,48,Pluviométrica,INSTITUTO DE HIDROLOGIA METEOROLOGIA Y ESTUDIOS AMBIENTALES,Area Operativa 01 - Antioquia-Chocó,Antioquia,Caucasia,15/05/1970 00:00,,PRECIPITACION,PTPM_TT_M,Precipitación total mensual,Mensual,2010-02-01 00:00,19,50,,900
25020530,LA ILUSION [25020530],8.0255,-75.089750,48,Pluviométrica,INSTITUTO DE HIDROLOGIA METEOROLOGIA Y ESTUDIOS AMBIENTALES,Area Operativa 01 - Antioquia-Chocó,Antioquia,Caucasia,15/05/1970 00:00,,PRECIPITACION,PTPM_TT_M,Precipitación total mensual,Mensual,2010-03-01 00:00,105,50,,900
25020530,LA ILUSION [25020530],8.0255,-75.089750,48,Pluviométrica,INSTITUTO DE HIDROLOGIA METEOROLOGIA Y ESTUDIOS AMBIENTALES,Area Operativa 01 - Antioquia-Chocó,Antioquia,Caucasia,15/05/1970 00:00,,PRECIPITACION,PTPM_TT_M,Precipitación total mensual,Mensual,2010-04-01 00:00,481,50,,900
25020530,LA ILUSION [25020530],8.0255,-75.089750,48,Pluviométrica,INSTITUTO DE HIDROLOGIA METEOROLOGIA Y ESTUDIOS AMBIENTALES,Area Operativa 01 - Antioquia-Chocó,Antioquia,Caucasia,15/05/1970 00:00,,PRECIPITACION,PTPM_TT_M,Precipitación total mensual,Mensual,2010-05-01 00:00,267,50,,900
25020530,LA ILUSION [25020530],8.0255,-75.089750,48,Pluviométrica,INSTITUTO DE HIDROLOGIA METEOROLOGIA Y ESTUDIOS AMBIENTALES,Area Operativa 01 - Antioquia-Chocó,Antioquia,Caucasia,15/05/1970 00:00,,PRECIPITACION,PTPM_TT_M,Precipitación total mensual,Mensual,2010-06-01 00:00,492,50,,900
25020530,LA ILUSION [25020530],8.0255,-75.089750,48,Pluviométrica,INSTITUTO DE HIDROLOGIA METEOROLOGIA Y ESTUDIOS AMBIENTALES,Area Operativa 01 - Antioquia-Chocó,Antioquia,Caucasia,15/05/1970 00:00,,PRECIPITACION,PTPM_TT_M,Precipitación total mensual,Mensual,2010-07-01 00:00,665,50,,900
25020530,LA ILUSION [25020530],8.0255,-75.089750,48,Pluviométrica,INSTITUTO DE HIDROLOGIA METEOROLOGIA Y ESTUDIOS AMBIENTALES,Area Operativa 01 - Antioquia-Chocó,Antioquia,Caucasia,15/05/1970 00:00,,PRECIPITACION,PTPM_TT_M,Precipitación total mensual,Mensual,2010-08-01 00:00,230,50,,900
25020530,LA ILUSION [25020530],8.0255,-75.089750,48,Pluviométrica,INSTITUTO DE HIDROLOGIA METEOROLOGIA Y ESTUDIOS AMBIENTALES,Area Operativa 01 - Antioquia-Chocó,Antioquia,Caucasia,15/05/1970 00:00,,PRECIPITACION,PTPM_TT_M,Precipitación total mensual,Mensual,2010-09-01 00:00,409,50,,900
25020530,LA ILUSION [25020530],8.0255,-75.089750,48,Pluviométrica,INSTITUTO DE HIDROLOGIA METEOROLOGIA Y ESTUDIOS AMBIENTALES,Area Operativa 01 - Antioquia-Chocó,Antioquia,Caucasia,15/05/1970 00:00,,PRECIPITACION,PTPM_TT_M,Precipitación total mensual,Mensual,2010-10-01 00:00,258,50,,900
25020530,LA ILUSION [25020530],8.0255,-75.089750,48,Pluviométrica,INSTITUTO DE HIDROLOGIA METEOROLOGIA Y ESTUDIOS AMBIENTALES,Area Operativa 01 - Antioquia-Chocó,Antioquia,Caucasia,15/05/1970 00:00,,PRECIPITACION,PTPM_TT_M,Precipitación total mensual,Mensual,2010-11-01 00:00,262,50,,900
25020530,LA ILUSION [25020530],8.0255,-75.089750,48,Pluviométrica,INSTITUTO DE HIDROLOGIA METEOROLOGIA Y ESTUDIOS AMBIENTALES,Area Operativa 01 - Antioquia-Chocó,Antioquia,Caucasia,15/05/1970 00:00,,PRECIPITACION,PTPM_TT_M,Precipitación total mensual,Mensual,2010-12-01 00:00,152,50,,900
25020530,LA ILUSION [25020530],8.0255,-75.089750,48,Pluviométrica,INSTITUTO DE HIDROLOGIA METEOROLOGIA Y ESTUDIOS AMBIENTALES,Area Operativa 01 - Antioquia-Chocó,Antioquia,Caucasia,15/05/1970 00:00,,PRECIPITACION,PTPM_TT_M,Precipitación total mensual,Mensual,2011-01-01 00:00,30,50,,900
25020530,LA ILUSION [25020530],8.0255,-75.089750,48,Pluviométrica,INSTITUTO DE HIDROLOGIA METEOROLOGIA Y ESTUDIOS AMBIENTALES,Area Operativa 01 - Antioquia-Chocó,Antioquia,Caucasia,15/05/1970 00:00,,PRECIPITACION,PTPM_TT_M,Precipitación total mensual,Mensual,2011-02-01 00:00,62,50,,900
25020530,LA ILUSION [25020530],8.0255,-75.089750,48,Pluviométrica,INSTITUTO DE HIDROLOGIA METEOROLOGIA Y ESTUDIOS AMBIENTALES,Area Operativa 01 - Antioquia-Chocó,Antioquia,Caucasia,15/05/1970 00:00,,PRECIPITACION,PTPM_TT_M,Precipitación total mensual,Mensual,2011-03-01 00:00,159,50,,900
25020530,LA ILUSION [25020530],8.0255,-75.089750,48,Pluviométrica,INSTITUTO DE HIDROLOGIA METEOROLOGIA Y ESTUDIOS AMBIENTALES,Area Operativa 01 - Antioquia-Chocó,Antioquia,Caucasia,15/05/1970 00:00,,PRECIPITACION,PTPM_TT_M,Precipitación total mensual,Mensual,2011-04-01 00:00,322,50,,900
25020530,LA ILUSION [25020530],8.0255,-75.089750,48,Pluviométrica,INSTITUTO DE HIDROLOGIA METEOROLOGIA Y ESTUDIOS AMBIENTALES,Area Operativa 01 - Antioquia-Chocó,Antioquia,Caucasia,15/05/1970 00:00,,PRECIPITACION,PTPM_TT_M,Precipitación total mensual,Mensual,2011-05-01 00:00,227,50,,900
25020530,LA ILUSION [25020530],8.0255,-75.089750,48,Pluviométrica,INSTITUTO DE HIDROLOGIA METEOROLOGIA Y ESTUDIOS AMBIENTALES,Area Operativa 01 - Antioquia-Chocó,Antioquia,Caucasia,15/05/1970 00:00,,PRECIPITACION,PTPM_TT_M,Precipitación total mensual,Mensual,2011-06-01 00:00,324,50,,900
25020530,LA ILUSION [25020530],8.0255,-75.089750,48,Pluviométrica,INSTITUTO DE HIDROLOGIA METEOROLOGIA Y ESTUDIOS AMBIENTALES,Area Operativa 01 - Antioquia-Chocó,Antioquia,Caucasia,15/05/1970 00:00,,PRECIPITACION,PTPM_TT_M,Precipitación total mensual,Mensual,2011-07-01 00:00,357,50,,900
25020530,LA ILUSION [25020530],8.0255,-75.089750,48,Pluviométrica,INSTITUTO DE HIDROLOGIA METEOROLOGIA Y ESTUDIOS AMBIENTALES,Area Operativa 01 - Antioquia-Chocó,Antioquia,Caucasia,15/05/1970 00:00,,PRECIPITACION,PTPM_TT_M,Precipitación total mensual,Mensual,2011-08-01 00:00,186,50,,900
25020530,LA ILUSION [25020530],8.0255,-75.089750,48,Pluviométrica,INSTITUTO DE HIDROLOGIA METEOROLOGIA Y ESTUDIOS AMBIENTALES,Area Operativa 01 - Antioquia-Chocó,Antioquia,Caucasia,15/05/1970 00:00,,PRECIPITACION,PTPM_TT_M,Precipitación total mensual,Mensual,2011-09-01 00:00,305,50,,900
25020530,LA ILUSION [25020530],8.0255,-75.089750,48,Pluviométrica,INSTITUTO DE HIDROLOGIA METEOROLOGIA Y ESTUDIOS AMBIENTALES,Area Operativa 01 - Antioquia-Chocó,Antioquia,Caucasia,15/05/1970 00:00,,PRECIPITACION,PTPM_TT_M,Precipitación total mensual,Mensual,2011-10-01 00:00,154,50,,900
25020530,LA ILUSION [25020530],8.0255,-75.089750,48,Pluviométrica,INSTITUTO DE HIDROLOGIA METEOROLOGIA Y ESTUDIOS AMBIENTALES,Area Operativa 01 - Antioquia-Chocó,Antioquia,Caucasia,15/05/1970 00:00,,PRECIPITACION,PTPM_TT_M,Precipitación total mensual,Mensual,2011-11-01 00:00,403,50,,900
25020530,LA ILUSION [25020530],8.0255,-75.089750,48,Pluviométrica,INSTITUTO DE HIDROLOGIA METEOROLOGIA Y ESTUDIOS AMBIENTALES,Area Operativa 01 - Antioquia-Chocó,Antioquia,Caucasia,15/05/1970 00:00,,PRECIPITACION,PTPM_TT_M,Precipitación total mensual,Mensual,2011-12-01 00:00,100,50,,900
25020530,LA ILUSION [25020530],8.0255,-75.089750,48,Pluviométrica,INSTITUTO DE HIDROLOGIA METEOROLOGIA Y ESTUDIOS AMBIENTALES,Area Operativa 01 - Antioquia-Chocó,Antioquia,Caucasia,15/05/1970 00:00,,PRECIPITACION,PTPM_TT_M,Precipitación total mensual,Mensual,2012-01-01 00:00,0,50,,900
25020530,LA ILUSION [25020530],8.0255,-75.089750,48,Pluviométrica,INSTITUTO DE HIDROLOGIA METEOROLOGIA Y ESTUDIOS AMBIENTALES,Area Operativa 01 - Antioquia-Chocó,Antioquia,Caucasia,15/05/1970 00:00,,PRECIPITACION,PTPM_TT_M,Precipitación total mensual,Mensual,2012-02-01 00:00,65,50,,900
25020530,LA ILUSION [25020530],8.0255,-75.089750,48,Pluviométrica,INSTITUTO DE HIDROLOGIA METEOROLOGIA Y ESTUDIOS AMBIENTALES,Area Operativa 01 - Antioquia-Chocó,Antioquia,Caucasia,15/05/1970 00:00,,PRECIPITACION,PTPM_TT_M,Precipitación total mensual,Mensual,2012-03-01 00:00,47,50,,900
25020530,LA ILUSION [25020530],8.0255,-75.089750,48,Pluviométrica,INSTITUTO DE HIDROLOGIA METEOROLOGIA Y ESTUDIOS AMBIENTALES,Area Operativa 01 - Antioquia-Chocó,Antioquia,Caucasia,15/05/1970 00:00,,PRECIPITACION,PTPM_TT_M,Precipitación total mensual,Mensual,2012-04-01 00:00,272,50,,900
25020530,LA ILUSION [25020530],8.0255,-75.089750,48,Pluviométrica,INSTITUTO DE HIDROLOGIA METEOROLOGIA Y ESTUDIOS AMBIENTALES,Area Operativa 01 - Antioquia-Chocó,Antioquia,Caucasia,15/05/1970 00:00,,PRECIPITACION,PTPM_TT_M,Precipitación total mensual,Mensual,2012-05-01 00:00,234,50,,900
25020530,LA ILUSION [25020530],8.0255,-75.089750,48,Pluviométrica,INSTITUTO DE HIDROLOGIA METEOROLOGIA Y ESTUDIOS AMBIENTALES,Area Operativa 01 - Antioquia-Chocó,Antioquia,Caucasia,15/05/1970 00:00,,PRECIPITACION,PTPM_TT_M,Precipitación total mensual,Mensual,2012-06-01 00:00,233,50,,900
25020530,LA ILUSION [25020530],8.0255,-75.089750,48,Pluviométrica,INSTITUTO DE HIDROLOGIA METEOROLOGIA Y ESTUDIOS AMBIENTALES,Area Operativa 01 - Antioquia-Chocó,Antioquia,Caucasia,15/05/1970 00:00,,PRECIPITACION,PTPM_TT_M,Precipitación total mensual,Mensual,2012-07-01 00:00,280,50,,900
25020530,LA ILUSION [25020530],8.0255,-75.089750,48,Pluviométrica,INSTITUTO DE HIDROLOGIA METEOROLOGIA Y ESTUDIOS AMBIENTALES,Area Operativa 01 - Antioquia-Chocó,Antioquia,Caucasia,15/05/1970 00:00,,PRECIPITACION,PTPM_TT_M,Precipitación total mensual,Mensual,2012-08-01 00:00,646,50,,900
25020530,LA ILUSION [25020530],8.0255,-75.089750,48,Pluviométrica,INSTITUTO DE HIDROLOGIA METEOROLOGIA Y ESTUDIOS AMBIENTALES,Area Operativa 01 - Antioquia-Chocó,Antioquia,Caucasia,15/05/1970 00:00,,PRECIPITACION,PTPM_TT_M,Precipitación total mensual,Mensual,2012-09-01 00:00,333,50,,900
25020530,LA ILUSION [25020530],8.0255,-75.089750,48,Pluviométrica,INSTITUTO DE HIDROLOGIA METEOROLOGIA Y ESTUDIOS AMBIENTALES,Area Operativa 01 - Antioquia-Chocó,Antioquia,Caucasia,15/05/1970 00:00,,PRECIPITACION,PTPM_TT_M,Precipitación total mensual,Mensual,2012-10-01 00:00,178,50,,900
25020530,LA ILUSION [25020530],8.0255,-75.089750,48,Pluviométrica,INSTITUTO DE HIDROLOGIA METEOROLOGIA Y ESTUDIOS AMBIENTALES,Area Operativa 01 - Antioquia-Chocó,Antioquia,Caucasia,15/05/1970 00:00,,PRECIPITACION,PTPM_TT_M,Precipitación total mensual,Mensual,2012-11-01 00:00,125,50,,900
25020530,LA ILUSION [25020530],8.0255,-75.089750,48,Pluviométrica,INSTITUTO DE HIDROLOGIA METEOROLOGIA Y ESTUDIOS AMBIENTALES,Area Operativa 01 - Antioquia-Chocó,Antioquia,Caucasia,15/05/1970 00:00,,PRECIPITACION,PTPM_TT_M,Precipitación total mensual,Mensual,2012-12-01 00:00,85,50,,900
25020530,LA ILUSION [25020530],8.0255,-75.089750,48,Pluviométrica,INSTITUTO DE HIDROLOGIA METEOROLOGIA Y ESTUDIOS AMBIENTALES,Area Operativa 01 - Antioquia-Chocó,Antioquia,Caucasia,15/05/1970 00:00,,PRECIPITACION,PTPM_TT_M,Precipitación total mensual,Mensual,2013-01-01 00:00,1,50,,900
25020530,LA ILUSION [25020530],8.0255,-75.089750,48,Pluviométrica,INSTITUTO DE HIDROLOGIA METEOROLOGIA Y ESTUDIOS AMBIENTALES,Area Operativa 01 - Antioquia-Chocó,Antioquia,Caucasia,15/05/1970 00:00,,PRECIPITACION,PTPM_TT_M,Precipitación total mensual,Mensual,2013-02-01 00:00,3,50,,900
25020530,LA ILUSION [25020530],8.0255,-75.089750,48,Pluviométrica,INSTITUTO DE HIDROLOGIA METEOROLOGIA Y ESTUDIOS AMBIENTALES,Area Operativa 01 - Antioquia-Chocó,Antioquia,Caucasia,15/05/1970 00:00,,PRECIPITACION,PTPM_TT_M,Precipitación total mensual,Mensual,2013-03-01 00:00,110,50,,900
25020530,LA ILUSION [25020530],8.0255,-75.089750,48,Pluviométrica,INSTITUTO DE HIDROLOGIA METEOROLOGIA Y ESTUDIOS AMBIENTALES,Area Operativa 01 - Antioquia-Chocó,Antioquia,Caucasia,15/05/1970 00:00,,PRECIPITACION,PTPM_TT_M,Precipitación total mensual,Mensual,2013-04-01 00:00,255,50,,900
25020530,LA ILUSION [25020530],8.0255,-75.089750,48,Pluviométrica,INSTITUTO DE HIDROLOGIA METEOROLOGIA Y ESTUDIOS AMBIENTALES,Area Operativa 01 - Antioquia-Chocó,Antioquia,Caucasia,15/05/1970 00:00,,PRECIPITACION,PTPM_TT_M,Precipitación total mensual,Mensual,2013-05-01 00:00,316,50,,900
25020530,LA ILUSION [25020530],8.0255,-75.089750,48,Pluviométrica,INSTITUTO DE HIDROLOGIA METEOROLOGIA Y ESTUDIOS AMBIENTALES,Area Operativa 01 - Antioquia-Chocó,Antioquia,Caucasia,15/05/1970 00:00,,PRECIPITACION,PTPM_TT_M,Precipitación total mensual,Mensual,2013-06-01 00:00,438,50,,900
25020530,LA ILUSION [25020530],8.0255,-75.089750,48,Pluviométrica,INSTITUTO DE HIDROLOGIA METEOROLOGIA Y ESTUDIOS AMBIENTALES,Area Operativa 01 - Antioquia-Chocó,Antioquia,Caucasia,15/05/1970 00:00,,PRECIPITACION,PTPM_TT_M,Precipitación total mensual,Mensual,2013-07-01 00:00,232,50,,900
25020530,LA ILUSION [25020530],8.0255,-75.089750,48,Pluviométrica,INSTITUTO DE HIDROLOGIA METEOROLOGIA Y ESTUDIOS AMBIENTALES,Area Operativa 01 - Antioquia-Chocó,Antioquia,Caucasia,15/05/1970 00:00,,PRECIPITACION,PTPM_TT_M,Precipitación total mensual,Mensual,2013-08-01 00:00,413,50,,900
25020530,LA ILUSION [25020530],8.0255,-75.089750,48,Pluviométrica,INSTITUTO DE HIDROLOGIA METEOROLOGIA Y ESTUDIOS AMBIENTALES,Area Operativa 01 - Antioquia-Chocó,Antioquia,Caucasia,15/05/1970 00:00,,PRECIPITACION,PTPM_TT_M,Precipitación total mensual,Mensual,2013-09-01 00:00,250,50,,900
25020530,LA ILUSION [25020530],8.0255,-75.089750,48,Pluviométrica,INSTITUTO DE HIDROLOGIA METEOROLOGIA Y ESTUDIOS AMBIENTALES,Area Operativa 01 - Antioquia-Chocó,Antioquia,Caucasia,15/05/1970 00:00,,PRECIPITACION,PTPM_TT_M,Precipitación total mensual,Mensual,2013-10-01 00:00,190,50,,900
25020530,LA ILUSION [25020530],8.0255,-75.089750,48,Pluviométrica,INSTITUTO DE HIDROLOGIA METEOROLOGIA Y ESTUDIOS AMBIENTALES,Area Operativa 01 - Antioquia-Chocó,Antioquia,Caucasia,15/05/1970 00:00,,PRECIPITACION,PTPM_TT_M,Precipitación total mensual,Mensual,2013-11-01 00:00,137,50,,900
25020530,LA ILUSION [25020530],8.0255,-75.089750,48,Pluviométrica,INSTITUTO DE HIDROLOGIA METEOROLOGIA Y ESTUDIOS AMBIENTALES,Area Operativa 01 - Antioquia-Chocó,Antioquia,Caucasia,15/05/1970 00:00,,PRECIPITACION,PTPM_TT_M,Precipitación total mensual,Mensual,2013-12-01 00:00,69,50,,900
25020530,LA ILUSION [25020530],8.0255,-75.089750,48,Pluviométrica,INSTITUTO DE HIDROLOGIA METEOROLOGIA Y ESTUDIOS AMBIENTALES,Area Operativa 01 - Antioquia-Chocó,Antioquia,Caucasia,15/05/1970 00:00,,PRECIPITACION,PTPM_TT_M,Precipitación total mensual,Mensual,2014-01-01 00:00,1,50,,900
25020530,LA ILUSION [25020530],8.0255,-75.089750,48,Pluviométrica,INSTITUTO DE HIDROLOGIA METEOROLOGIA Y ESTUDIOS AMBIENTALES,Area Operativa 01 - Antioquia-Chocó,Antioquia,Caucasia,15/05/1970 00:00,,PRECIPITACION,PTPM_TT_M,Precipitación total mensual,Mensual,2014-02-01 00:00,12,50,,900
25020530,LA ILUSION [25020530],8.0255,-75.089750,48,Pluviométrica,INSTITUTO DE HIDROLOGIA METEOROLOGIA Y ESTUDIOS AMBIENTALES,Area Operativa 01 - Antioquia-Chocó,Antioquia,Caucasia,15/05/1970 00:00,,PRECIPITACION,PTPM_TT_M,Precipitación total mensual,Mensual,2014-03-01 00:00,49,50,,900
25020530,LA ILUSION [25020530],8.0255,-75.089750,48,Pluviométrica,INSTITUTO DE HIDROLOGIA METEOROLOGIA Y ESTUDIOS AMBIENTALES,Area Operativa 01 - Antioquia-Chocó,Antioquia,Caucasia,15/05/1970 00:00,,PRECIPITACION,PTPM_TT_M,Precipitación total mensual,Mensual,2014-04-01 00:00,119,50,,900
25020530,LA ILUSION [25020530],8.0255,-75.089750,48,Pluviométrica,INSTITUTO DE HIDROLOGIA METEOROLOGIA Y ESTUDIOS AMBIENTALES,Area Operativa 01 - Antioquia-Chocó,Antioquia,Caucasia,15/05/1970 00:00,,PRECIPITACION,PTPM_TT_M,Precipitación total mensual,Mensual,2014-05-01 00:00,208,50,,900
25020530,LA ILUSION [25020530],8.0255,-75.089750,48,Pluviométrica,INSTITUTO DE HIDROLOGIA METEOROLOGIA Y ESTUDIOS AMBIENTALES,Area Operativa 01 - Antioquia-Chocó,Antioquia,Caucasia,15/05/1970 00:00,,PRECIPITACION,PTPM_TT_M,Precipitación total mensual,Mensual,2014-06-01 00:00,312,50,,900
25020530,LA ILUSION [25020530],8.0255,-75.089750,48,Pluviométrica,INSTITUTO DE HIDROLOGIA METEOROLOGIA Y ESTUDIOS AMBIENTALES,Area Operativa 01 - Antioquia-Chocó,Antioquia,Caucasia,15/05/1970 00:00,,PRECIPITACION,PTPM_TT_M,Precipitación total mensual,Mensual,2014-07-01 00:00,184,50,,900
25020530,LA ILUSION [25020530],8.0255,-75.089750,48,Pluviométrica,INSTITUTO DE HIDROLOGIA METEOROLOGIA Y ESTUDIOS AMBIENTALES,Area Operativa 01 - Antioquia-Chocó,Antioquia,Caucasia,15/05/1970 00:00,,PRECIPITACION,PTPM_TT_M,Precipitación total mensual,Mensual,2014-08-01 00:00,555.1,50,,900
25020530,LA ILUSION [25020530],8.0255,-75.089750,48,Pluviométrica,INSTITUTO DE HIDROLOGIA METEOROLOGIA Y ESTUDIOS AMBIENTALES,Area Operativa 01 - Antioquia-Chocó,Antioquia,Caucasia,15/05/1970 00:00,,PRECIPITACION,PTPM_TT_M,Precipitación total mensual,Mensual,2014-09-01 00:00,272,50,,900
25020530,LA ILUSION [25020530],8.0255,-75.089750,48,Pluviométrica,INSTITUTO DE HIDROLOGIA METEOROLOGIA Y ESTUDIOS AMBIENTALES,Area Operativa 01 - Antioquia-Chocó,Antioquia,Caucasia,15/05/1970 00:00,,PRECIPITACION,PTPM_TT_M,Precipitación total mensual,Mensual,2014-10-01 00:00,133,50,,900
25020530,LA ILUSION [25020530],8.0255,-75.089750,48,Pluviométrica,INSTITUTO DE HIDROLOGIA METEOROLOGIA Y ESTUDIOS AMBIENTALES,Area Operativa 01 - Antioquia-Chocó,Antioquia,Caucasia,15/05/1970 00:00,,PRECIPITACION,PTPM_TT_M,Precipitación total mensual,Mensual,2014-11-01 00:00,407,50,,900
25020530,LA ILUSION [25020530],8.0255,-75.089750,48,Pluviométrica,INSTITUTO DE HIDROLOGIA METEOROLOGIA Y ESTUDIOS AMBIENTALES,Area Operativa 01 - Antioquia-Chocó,Antioquia,Caucasia,15/05/1970 00:00,,PRECIPITACION,PTPM_TT_M,Precipitación total mensual,Mensual,2014-12-01 00:00,57,50,,900
25020530,LA ILUSION [25020530],8.0255,-75.089750,48,Pluviométrica,INSTITUTO DE HIDROLOGIA METEOROLOGIA Y ESTUDIOS AMBIENTALES,Area Operativa 01 - Antioquia-Chocó,Antioquia,Caucasia,15/05/1970 00:00,,PRECIPITACION,PTPM_TT_M,Precipitación total mensual,Mensual,2015-01-01 00:00,0,50,,900
25020530,LA ILUSION [25020530],8.0255,-75.089750,48,Pluviométrica,INSTITUTO DE HIDROLOGIA METEOROLOGIA Y ESTUDIOS AMBIENTALES,Area Operativa 01 - Antioquia-Chocó,Antioquia,Caucasia,15/05/1970 00:00,,PRECIPITACION,PTPM_TT_M,Precipitación total mensual,Mensual,2015-02-01 00:00,37,50,,900
25020530,LA ILUSION [25020530],8.0255,-75.089750,48,Pluviométrica,INSTITUTO DE HIDROLOGIA METEOROLOGIA Y ESTUDIOS AMBIENTALES,Area Operativa 01 - Antioquia-Chocó,Antioquia,Caucasia,15/05/1970 00:00,,PRECIPITACION,PTPM_TT_M,Precipitación total mensual,Mensual,2015-03-01 00:00,45,50,,900
25020530,LA ILUSION [25020530],8.0255,-75.089750,48,Pluviométrica,INSTITUTO DE HIDROLOGIA METEOROLOGIA Y ESTUDIOS AMBIENTALES,Area Operativa 01 - Antioquia-Chocó,Antioquia,Caucasia,15/05/1970 00:00,,PRECIPITACION,PTPM_TT_M,Precipitación total mensual,Mensual,2015-04-01 00:00,266,50,,900
25020530,LA ILUSION [25020530],8.0255,-75.089750,48,Pluviométrica,INSTITUTO DE HIDROLOGIA METEOROLOGIA Y ESTUDIOS AMBIENTALES,Area Operativa 01 - Antioquia-Chocó,Antioquia,Caucasia,15/05/1970 00:00,,PRECIPITACION,PTPM_TT_M,Precipitación total mensual,Mensual,2015-05-01 00:00,275,50,,900
25020530,LA ILUSION [25020530],8.0255,-75.089750,48,Pluviométrica,INSTITUTO DE HIDROLOGIA METEOROLOGIA Y ESTUDIOS AMBIENTALES,Area Operativa 01 - Antioquia-Chocó,Antioquia,Caucasia,15/05/1970 00:00,,PRECIPITACION,PTPM_TT_M,Precipitación total mensual,Mensual,2015-06-01 00:00,219,50,,900
25020530,LA ILUSION [25020530],8.0255,-75.089750,48,Pluviométrica,INSTITUTO DE HIDROLOGIA METEOROLOGIA Y ESTUDIOS AMBIENTALES,Area Operativa 01 - Antioquia-Chocó,Antioquia,Caucasia,15/05/1970 00:00,,PRECIPITACION,PTPM_TT_M,Precipitación total mensual,Mensual,2015-07-01 00:00,266,50,,900
25020530,LA ILUSION [25020530],8.0255,-75.089750,48,Pluviométrica,INSTITUTO DE HIDROLOGIA METEOROLOGIA Y ESTUDIOS AMBIENTALES,Area Operativa 01 - Antioquia-Chocó,Antioquia,Caucasia,15/05/1970 00:00,,PRECIPITACION,PTPM_TT_M,Precipitación total mensual,Mensual,2015-08-01 00:00,394,50,,900
25020530,LA ILUSION [25020530],8.0255,-75.089750,48,Pluviométrica,INSTITUTO DE HIDROLOGIA METEOROLOGIA Y ESTUDIOS AMBIENTALES,Area Operativa 01 - Antioquia-Chocó,Antioquia,Caucasia,15/05/1970 00:00,,PRECIPITACION,PTPM_TT_M,Precipitación total mensual,Mensual,2015-09-01 00:00,159,50,,900
25020530,LA ILUSION [25020530],8.0255,-75.089750,48,Pluviométrica,INSTITUTO DE HIDROLOGIA METEOROLOGIA Y ESTUDIOS AMBIENTALES,Area Operativa 01 - Antioquia-Chocó,Antioquia,Caucasia,15/05/1970 00:00,,PRECIPITACION,PTPM_TT_M,Precipitación total mensual,Mensual,2015-10-01 00:00,219,50,,900
25020530,LA ILUSION [25020530],8.0255,-75.089750,48,Pluviométrica,INSTITUTO DE HIDROLOGIA METEOROLOGIA Y ESTUDIOS AMBIENTALES,Area Operativa 01 - Antioquia-Chocó,Antioquia,Caucasia,15/05/1970 00:00,,PRECIPITACION,PTPM_TT_M,Precipitación total mensual,Mensual,2015-11-01 00:00,175,50,,900
25020530,LA ILUSION [25020530],8.0255,-75.089750,48,Pluviométrica,INSTITUTO DE HIDROLOGIA METEOROLOGIA Y ESTUDIOS AMBIENTALES,Area Operativa 01 - Antioquia-Chocó,Antioquia,Caucasia,15/05/1970 00:00,,PRECIPITACION,PTPM_TT_M,Precipitación total mensual,Mensual,2015-12-01 00:00,22,50,,900
25020530,LA ILUSION [25020530],8.0255,-75.089750,48,Pluviométrica,INSTITUTO DE HIDROLOGIA METEOROLOGIA Y ESTUDIOS AMBIENTALES,Area Operativa 01 - Antioquia-Chocó,Antioquia,Caucasia,15/05/1970 00:00,,PRECIPITACION,PTPM_TT_M,Precipitación total mensual,Mensual,2016-01-01 00:00,6,50,,900
25020530,LA ILUSION [25020530],8.0255,-75.089750,48,Pluviométrica,INSTITUTO DE HIDROLOGIA METEOROLOGIA Y ESTUDIOS AMBIENTALES,Area Operativa 01 - Antioquia-Chocó,Antioquia,Caucasia,15/05/1970 00:00,,PRECIPITACION,PTPM_TT_M,Precipitación total mensual,Mensual,2016-02-01 00:00,6,50,,900
25020530,LA ILUSION [25020530],8.0255,-75.089750,48,Pluviométrica,INSTITUTO DE HIDROLOGIA METEOROLOGIA Y ESTUDIOS AMBIENTALES,Area Operativa 01 - Antioquia-Chocó,Antioquia,Caucasia,15/05/1970 00:00,,PRECIPITACION,PTPM_TT_M,Precipitación total mensual,Mensual,2016-03-01 00:00,9,50,,900
25020530,LA ILUSION [25020530],8.0255,-75.089750,48,Pluviométrica,INSTITUTO DE HIDROLOGIA METEOROLOGIA Y ESTUDIOS AMBIENTALES,Area Operativa 01 - Antioquia-Chocó,Antioquia,Caucasia,15/05/1970 00:00,,PRECIPITACION,PTPM_TT_M,Precipitación total mensual,Mensual,2016-04-01 00:00,246,50,,900
25020530,LA ILUSION [25020530],8.0255,-75.089750,48,Pluviométrica,INSTITUTO DE HIDROLOGIA METEOROLOGIA Y ESTUDIOS AMBIENTALES,Area Operativa 01 - Antioquia-Chocó,Antioquia,Caucasia,15/05/1970 00:00,,PRECIPITACION,PTPM_TT_M,Precipitación total mensual,Mensual,2016-05-01 00:00,193,50,,900
25020530,LA ILUSION [25020530],8.0255,-75.089750,48,Pluviométrica,INSTITUTO DE HIDROLOGIA METEOROLOGIA Y ESTUDIOS AMBIENTALES,Area Operativa 01 - Antioquia-Chocó,Antioquia,Caucasia,15/05/1970 00:00,,PRECIPITACION,PTPM_TT_M,Precipitación total mensual,Mensual,2016-06-01 00:00,396,50,,900
25020530,LA ILUSION [25020530],8.0255,-75.089750,48,Pluviométrica,INSTITUTO DE HIDROLOGIA METEOROLOGIA Y ESTUDIOS AMBIENTALES,Area Operativa 01 - Antioquia-Chocó,Antioquia,Caucasia,15/05/1970 00:00,,PRECIPITACION,PTPM_TT_M,Precipitación total mensual,Mensual,2016-07-01 00:00,314,50,,900
25020530,LA ILUSION [25020530],8.0255,-75.089750,48,Pluviométrica,INSTITUTO DE HIDROLOGIA METEOROLOGIA Y ESTUDIOS AMBIENTALES,Area Operativa 01 - Antioquia-Chocó,Antioquia,Caucasia,15/05/1970 00:00,,PRECIPITACION,PTPM_TT_M,Precipitación total mensual,Mensual,2016-08-01 00:00,217,50,,900
25020530,LA ILUSION [25020530],8.0255,-75.089750,48,Pluviométrica,INSTITUTO DE HIDROLOGIA METEOROLOGIA Y ESTUDIOS AMBIENTALES,Area Operativa 01 - Antioquia-Chocó,Antioquia,Caucasia,15/05/1970 00:00,,PRECIPITACION,PTPM_TT_M,Precipitación total mensual,Mensual,2016-09-01 00:00,324,50,,900
25020530,LA ILUSION [25020530],8.0255,-75.089750,48,Pluviométrica,INSTITUTO DE HIDROLOGIA METEOROLOGIA Y ESTUDIOS AMBIENTALES,Area Operativa 01 - Antioquia-Chocó,Antioquia,Caucasia,15/05/1970 00:00,,PRECIPITACION,PTPM_TT_M,Precipitación total mensual,Mensual,2016-10-01 00:00,241,50,,900
25020530,LA ILUSION [25020530],8.0255,-75.089750,48,Pluviométrica,INSTITUTO DE HIDROLOGIA METEOROLOGIA Y ESTUDIOS AMBIENTALES,Area Operativa 01 - Antioquia-Chocó,Antioquia,Caucasia,15/05/1970 00:00,,PRECIPITACION,PTPM_TT_M,Precipitación total mensual,Mensual,2016-11-01 00:00,227,50,,900
25020530,LA ILUSION [25020530],8.0255,-75.089750,48,Pluviométrica,INSTITUTO DE HIDROLOGIA METEOROLOGIA Y ESTUDIOS AMBIENTALES,Area Operativa 01 - Antioquia-Chocó,Antioquia,Caucasia,15/05/1970 00:00,,PRECIPITACION,PTPM_TT_M,Precipitación total mensual,Mensual,2016-12-01 00:00,249,50,,900
25020530,LA ILUSION [25020530],8.0255,-75.089750,48,Pluviométrica,INSTITUTO DE HIDROLOGIA METEOROLOGIA Y ESTUDIOS AMBIENTALES,Area Operativa 01 - Antioquia-Chocó,Antioquia,Caucasia,15/05/1970 00:00,,PRECIPITACION,PTPM_TT_M,Precipitación total mensual,Mensual,2017-01-01 00:00,1,50,,900
25020530,LA ILUSION [25020530],8.0255,-75.089750,48,Pluviométrica,INSTITUTO DE HIDROLOGIA METEOROLOGIA Y ESTUDIOS AMBIENTALES,Area Operativa 01 - Antioquia-Chocó,Antioquia,Caucasia,15/05/1970 00:00,,PRECIPITACION,PTPM_TT_M,Precipitación total mensual,Mensual,2017-02-01 00:00,2,50,,900
25020530,LA ILUSION [25020530],8.0255,-75.089750,48,Pluviométrica,INSTITUTO DE HIDROLOGIA METEOROLOGIA Y ESTUDIOS AMBIENTALES,Area Operativa 01 - Antioquia-Chocó,Antioquia,Caucasia,15/05/1970 00:00,,PRECIPITACION,PTPM_TT_M,Precipitación total mensual,Mensual,2017-03-01 00:00,232,50,,900
25020530,LA ILUSION [25020530],8.0255,-75.089750,48,Pluviométrica,INSTITUTO DE HIDROLOGIA METEOROLOGIA Y ESTUDIOS AMBIENTALES,Area Operativa 01 - Antioquia-Chocó,Antioquia,Caucasia,15/05/1970 00:00,,PRECIPITACION,PTPM_TT_M,Precipitación total mensual,Mensual,2017-04-01 00:00,138,50,,900
25020530,LA ILUSION [25020530],8.0255,-75.089750,48,Pluviométrica,INSTITUTO DE HIDROLOGIA METEOROLOGIA Y ESTUDIOS AMBIENTALES,Area Operativa 01 - Antioquia-Chocó,Antioquia,Caucasia,15/05/1970 00:00,,PRECIPITACION,PTPM_TT_M,Precipitación total mensual,Mensual,2017-05-01 00:00,168,50,,900
25020530,LA ILUSION [25020530],8.0255,-75.089750,48,Pluviométrica,INSTITUTO DE HIDROLOGIA METEOROLOGIA Y ESTUDIOS AMBIENTALES,Area Operativa 01 - Antioquia-Chocó,Antioquia,Caucasia,15/05/1970 00:00,,PRECIPITACION,PTPM_TT_M,Precipitación total mensual,Mensual,2017-06-01 00:00,393,50,,900
25020530,LA ILUSION [25020530],8.0255,-75.089750,48,Pluviométrica,INSTITUTO DE HIDROLOGIA METEOROLOGIA Y ESTUDIOS AMBIENTALES,Area Operativa 01 - Antioquia-Chocó,Antioquia,Caucasia,15/05/1970 00:00,,PRECIPITACION,PTPM_TT_M,Precipitación total mensual,Mensual,2017-07-01 00:00,313,50,,900
25020530,LA ILUSION [25020530],8.0255,-75.089750,48,Pluviométrica,INSTITUTO DE HIDROLOGIA METEOROLOGIA Y ESTUDIOS AMBIENTALES,Area Operativa 01 - Antioquia-Chocó,Antioquia,Caucasia,15/05/1970 00:00,,PRECIPITACION,PTPM_TT_M,Precipitación total mensual,Mensual,2017-08-01 00:00,351,50,,900
25020530,LA ILUSION [25020530],8.0255,-75.089750,48,Pluviométrica,INSTITUTO DE HIDROLOGIA METEOROLOGIA Y ESTUDIOS AMBIENTALES,Area Operativa 01 - Antioquia-Chocó,Antioquia,Caucasia,15/05/1970 00:00,,PRECIPITACION,PTPM_TT_M,Precipitación total mensual,Mensual,2017-09-01 00:00,327,50,,900
25020530,LA ILUSION [25020530],8.0255,-75.089750,48,Pluviométrica,INSTITUTO DE HIDROLOGIA METEOROLOGIA Y ESTUDIOS AMBIENTALES,Area Operativa 01 - Antioquia-Chocó,Antioquia,Caucasia,15/05/1970 00:00,,PRECIPITACION,PTPM_TT_M,Precipitación total mensual,Mensual,2017-10-01 00:00,189,50,,900
25020530,LA ILUSION [25020530],8.0255,-75.089750,48,Pluviométrica,INSTITUTO DE HIDROLOGIA METEOROLOGIA Y ESTUDIOS AMBIENTALES,Area Operativa 01 - Antioquia-Chocó,Antioquia,Caucasia,15/05/1970 00:00,,PRECIPITACION,PTPM_TT_M,Precipitación total mensual,Mensual,2017-11-01 00:00,173,50,,900
25020530,LA ILUSION [25020530],8.0255,-75.089750,48,Pluviométrica,INSTITUTO DE HIDROLOGIA METEOROLOGIA Y ESTUDIOS AMBIENTALES,Area Operativa 01 - Antioquia-Chocó,Antioquia,Caucasia,15/05/1970 00:00,,PRECIPITACION,PTPM_TT_M,Precipitación total mensual,Mensual,2017-12-01 00:00,76,50,,900
25020530,LA ILUSION [25020530],8.0255,-75.089750,48,Pluviométrica,INSTITUTO DE HIDROLOGIA METEOROLOGIA Y ESTUDIOS AMBIENTALES,Area Operativa 01 - Antioquia-Chocó,Antioquia,Caucasia,15/05/1970 00:00,,PRECIPITACION,PTPM_TT_M,Precipitación total mensual,Mensual,2018-01-01 00:00,48,50,,900
25020530,LA ILUSION [25020530],8.0255,-75.089750,48,Pluviométrica,INSTITUTO DE HIDROLOGIA METEOROLOGIA Y ESTUDIOS AMBIENTALES,Area Operativa 01 - Antioquia-Chocó,Antioquia,Caucasia,15/05/1970 00:00,,PRECIPITACION,PTPM_TT_M,Precipitación total mensual,Mensual,2018-02-01 00:00,0,50,,900
25020530,LA ILUSION [25020530],8.0255,-75.089750,48,Pluviométrica,INSTITUTO DE HIDROLOGIA METEOROLOGIA Y ESTUDIOS AMBIENTALES,Area Operativa 01 - Antioquia-Chocó,Antioquia,Caucasia,15/05/1970 00:00,,PRECIPITACION,PTPM_TT_M,Precipitación total mensual,Mensual,2018-03-01 00:00,41,50,,900
25020530,LA ILUSION [25020530],8.0255,-75.089750,48,Pluviométrica,INSTITUTO DE HIDROLOGIA METEOROLOGIA Y ESTUDIOS AMBIENTALES,Area Operativa 01 - Antioquia-Chocó,Antioquia,Caucasia,15/05/1970 00:00,,PRECIPITACION,PTPM_TT_M,Precipitación total mensual,Mensual,2018-04-01 00:00,273,50,,900
25020530,LA ILUSION [25020530],8.0255,-75.089750,48,Pluviométrica,INSTITUTO DE HIDROLOGIA METEOROLOGIA Y ESTUDIOS AMBIENTALES,Area Operativa 01 - Antioquia-Chocó,Antioquia,Caucasia,15/05/1970 00:00,,PRECIPITACION,PTPM_TT_M,Precipitación total mensual,Mensual,2018-05-01 00:00,284,50,,900
25020530,LA ILUSION [25020530],8.0255,-75.089750,48,Pluviométrica,INSTITUTO DE HIDROLOGIA METEOROLOGIA Y ESTUDIOS AMBIENTALES,Area Operativa 01 - Antioquia-Chocó,Antioquia,Caucasia,15/05/1970 00:00,,PRECIPITACION,PTPM_TT_M,Precipitación total mensual,Mensual,2018-06-01 00:00,538,50,,900
25020530,LA ILUSION [25020530],8.0255,-75.089750,48,Pluviométrica,INSTITUTO DE HIDROLOGIA METEOROLOGIA Y ESTUDIOS AMBIENTALES,Area Operativa 01 - Antioquia-Chocó,Antioquia,Caucasia,15/05/1970 00:00,,PRECIPITACION,PTPM_TT_M,Precipitación total mensual,Mensual,2018-07-01 00:00,424,50,,900
25020530,LA ILUSION [25020530],8.0255,-75.089750,48,Pluviométrica,INSTITUTO DE HIDROLOGIA METEOROLOGIA Y ESTUDIOS AMBIENTALES,Area Operativa 01 - Antioquia-Chocó,Antioquia,Caucasia,15/05/1970 00:00,,PRECIPITACION,PTPM_TT_M,Precipitación total mensual,Mensual,2018-08-01 00:00,307,50,,900
25020530,LA ILUSION [25020530],8.0255,-75.089750,48,Pluviométrica,INSTITUTO DE HIDROLOGIA METEOROLOGIA Y ESTUDIOS AMBIENTALES,Area Operativa 01 - Antioquia-Chocó,Antioquia,Caucasia,15/05/1970 00:00,,PRECIPITACION,PTPM_TT_M,Precipitación total mensual,Mensual,2018-09-01 00:00,336,50,,900
25020530,LA ILUSION [25020530],8.0255,-75.089750,48,Pluviométrica,INSTITUTO DE HIDROLOGIA METEOROLOGIA Y ESTUDIOS AMBIENTALES,Area Operativa 01 - Antioquia-Chocó,Antioquia,Caucasia,15/05/1970 00:00,,PRECIPITACION,PTPM_TT_M,Precipitación total mensual,Mensual,2018-10-01 00:00,270,50,,900
25020530,LA ILUSION [25020530],8.0255,-75.089750,48,Pluviométrica,INSTITUTO DE HIDROLOGIA METEOROLOGIA Y ESTUDIOS AMBIENTALES,Area Operativa 01 - Antioquia-Chocó,Antioquia,Caucasia,15/05/1970 00:00,,PRECIPITACION,PTPM_TT_M,Precipitación total mensual,Mensual,2018-11-01 00:00,68,50,,900
25020530,LA ILUSION [25020530],8.0255,-75.089750,48,Pluviométrica,INSTITUTO DE HIDROLOGIA METEOROLOGIA Y ESTUDIOS AMBIENTALES,Area Operativa 01 - Antioquia-Chocó,Antioquia,Caucasia,15/05/1970 00:00,,PRECIPITACION,PTPM_TT_M,Precipitación total mensual,Mensual,2018-12-01 00:00,0,50,,900
25020530,LA ILUSION [25020530],8.0255,-75.089750,48,Pluviométrica,INSTITUTO DE HIDROLOGIA METEOROLOGIA Y ESTUDIOS AMBIENTALES,Area Operativa 01 - Antioquia-Chocó,Antioquia,Caucasia,15/05/1970 00:00,,PRECIPITACION,PTPM_TT_M,Precipitación total mensual,Mensual,2019-01-01 00:00,4,50,,900
25020530,LA ILUSION [25020530],8.0255,-75.089750,48,Pluviométrica,INSTITUTO DE HIDROLOGIA METEOROLOGIA Y ESTUDIOS AMBIENTALES,Area Operativa 01 - Antioquia-Chocó,Antioquia,Caucasia,15/05/1970 00:00,,PRECIPITACION,PTPM_TT_M,Precipitación total mensual,Mensual,2019-02-01 00:00,1,50,,900
25020530,LA ILUSION [25020530],8.0255,-75.089750,48,Pluviométrica,INSTITUTO DE HIDROLOGIA METEOROLOGIA Y ESTUDIOS AMBIENTALES,Area Operativa 01 - Antioquia-Chocó,Antioquia,Caucasia,15/05/1970 00:00,,PRECIPITACION,PTPM_TT_M,Precipitación total mensual,Mensual,2019-03-01 00:00,93,50,,900
25020530,LA ILUSION [25020530],8.0255,-75.089750,48,Pluviométrica,INSTITUTO DE HIDROLOGIA METEOROLOGIA Y ESTUDIOS AMBIENTALES,Area Operativa 01 - Antioquia-Chocó,Antioquia,Caucasia,15/05/1970 00:00,,PRECIPITACION,PTPM_TT_M,Precipitación total mensual,Mensual,2019-04-01 00:00,247,50,,900
25020530,LA ILUSION [25020530],8.0255,-75.089750,48,Pluviométrica,INSTITUTO DE HIDROLOGIA METEOROLOGIA Y ESTUDIOS AMBIENTALES,Area Operativa 01 - Antioquia-Chocó,Antioquia,Caucasia,15/05/1970 00:00,,PRECIPITACION,PTPM_TT_M,Precipitación total mensual,Mensual,2019-05-01 00:00,563,50,ESTIMADO,900
25020530,LA ILUSION [25020530],8.0255,-75.089750,48,Pluviométrica,INSTITUTO DE HIDROLOGIA METEOROLOGIA Y ESTUDIOS AMBIENTALES,Area Operativa 01 - Antioquia-Chocó,Antioquia,Caucasia,15/05/1970 00:00,,PRECIPITACION,PTPM_TT_M,Precipitación total mensual,Mensual,2019-06-01 00:00,310,50,,900
25020530,LA ILUSION [25020530],8.0255,-75.089750,48,Pluviométrica,INSTITUTO DE HIDROLOGIA METEOROLOGIA Y ESTUDIOS AMBIENTALES,Area Operativa 01 - Antioquia-Chocó,Antioquia,Caucasia,15/05/1970 00:00,,PRECIPITACION,PTPM_TT_M,Precipitación total mensual,Mensual,2019-07-01 00:00,349,50,ESTIMADO,900
25020530,LA ILUSION [25020530],8.0255,-75.089750,48,Pluviométrica,INSTITUTO DE HIDROLOGIA METEOROLOGIA Y ESTUDIOS AMBIENTALES,Area Operativa 01 - Antioquia-Chocó,Antioquia,Caucasia,15/05/1970 00:00,,PRECIPITACION,PTPM_TT_M,Precipitación total mensual,Mensual,2019-08-01 00:00,293,50,,900
25020530,LA ILUSION [25020530],8.0255,-75.089750,48,Pluviométrica,INSTITUTO DE HIDROLOGIA METEOROLOGIA Y ESTUDIOS AMBIENTALES,Area Operativa 01 - Antioquia-Chocó,Antioquia,Caucasia,15/05/1970 00:00,,PRECIPITACION,PTPM_TT_M,Precipitación total mensual,Mensual,2019-09-01 00:00,292,50,,900
25020530,LA ILUSION [25020530],8.0255,-75.089750,48,Pluviométrica,INSTITUTO DE HIDROLOGIA METEOROLOGIA Y ESTUDIOS AMBIENTALES,Area Operativa 01 - Antioquia-Chocó,Antioquia,Caucasia,15/05/1970 00:00,,PRECIPITACION,PTPM_TT_M,Precipitación total mensual,Mensual,2019-10-01 00:00,416,50,,900
25020530,LA ILUSION [25020530],8.0255,-75.089750,48,Pluviométrica,INSTITUTO DE HIDROLOGIA METEOROLOGIA Y ESTUDIOS AMBIENTALES,Area Operativa 01 - Antioquia-Chocó,Antioquia,Caucasia,15/05/1970 00:00,,PRECIPITACION,PTPM_TT_M,Precipitación total mensual,Mensual,2019-11-01 00:00,170,50,,900
25020530,LA ILUSION [25020530],8.0255,-75.089750,48,Pluviométrica,INSTITUTO DE HIDROLOGIA METEOROLOGIA Y ESTUDIOS AMBIENTALES,Area Operativa 01 - Antioquia-Chocó,Antioquia,Caucasia,15/05/1970 00:00,,PRECIPITACION,PTPM_TT_M,Precipitación total mensual,Mensual,2019-12-01 00:00,110,50,,900
